id,studentId,jobId,status,createdAt,updatedAt
40000,10002,30053,SELECTED,2026-06-08T16:43:14.644Z,2026-06-08T16:43:14.644Z
40001,10622,30053,SELECTED,2026-06-08T16:43:14.644Z,2026-06-08T16:43:14.644Z
40002,10002,30101,SELECTED,2026-06-08T16:43:14.644Z,2026-06-08T16:43:14.644Z
40003,10149,30101,SELECTED,2026-06-08T16:43:14.644Z,2026-06-08T16:43:14.644Z
40004,10157,30101,SELECTED,2026-06-08T16:43:14.644Z,2026-06-08T16:43:14.644Z
40005,10169,30101,SELECTED,2026-06-08T16:43:14.644Z,2026-06-08T16:43:14.644Z
40006,10172,30101,SELECTED,2026-06-08T16:43:14.644Z,2026-06-08T16:43:14.644Z
40007,10175,30101,SELECTED,2026-06-08T16:43:14.644Z,2026-06-08T16:43:14.644Z
40008,10181,30101,SELECTED,2026-06-08T16:43:14.644Z,2026-06-08T16:43:14.644Z
40009,10182,30101,SELECTED,2026-06-08T16:43:14.644Z,2026-06-08T16:43:14.644Z
40010,10183,30101,SELECTED,2026-06-08T16:43:14.644Z,2026-06-08T16:43:14.644Z
40011,10214,30101,SELECTED,2026-06-08T16:43:14.644Z,2026-06-08T16:43:14.644Z
40012,10215,30101,SELECTED,2026-06-08T16:43:14.644Z,2026-06-08T16:43:14.644Z
40013,10218,30101,SELECTED,2026-06-08T16:43:14.644Z,2026-06-08T16:43:14.644Z
40014,10074,30038,SELECTED,2026-06-08T16:43:14.644Z,2026-06-08T16:43:14.644Z
40015,10221,30038,SELECTED,2026-06-08T16:43:14.644Z,2026-06-08T16:43:14.644Z
40016,10080,30138,SELECTED,2026-06-08T16:43:14.644Z,2026-06-08T16:43:14.644Z
40017,10095,30138,SELECTED,2026-06-08T16:43:14.644Z,2026-06-08T16:43:14.644Z
40018,10125,30138,SELECTED,2026-06-08T16:43:14.644Z,2026-06-08T16:43:14.644Z
40019,10090,30109,SELECTED,2026-06-08T16:43:14.644Z,2026-06-08T16:43:14.644Z
40020,10091,30050,SELECTED,2026-06-08T16:43:14.644Z,2026-06-08T16:43:14.644Z
40021,10135,30050,SELECTED,2026-06-08T16:43:14.644Z,2026-06-08T16:43:14.644Z
40022,10174,30050,SELECTED,2026-06-08T16:43:14.644Z,2026-06-08T16:43:14.644Z
40023,10100,30065,SELECTED,2026-06-08T16:43:14.644Z,2026-06-08T16:43:14.644Z
40024,10116,30065,SELECTED,2026-06-08T16:43:14.644Z,2026-06-08T16:43:14.644Z
40025,10166,30065,SELECTED,2026-06-08T16:43:14.644Z,2026-06-08T16:43:14.644Z
40026,10104,30016,SELECTED,2026-06-08T16:43:14.644Z,2026-06-08T16:43:14.644Z
40027,10108,30039,SELECTED,2026-06-08T16:43:14.644Z,2026-06-08T16:43:14.644Z
40028,10113,30039,SELECTED,2026-06-08T16:43:14.644Z,2026-06-08T16:43:14.644Z
40029,10114,30056,SELECTED,2026-06-08T16:43:14.644Z,2026-06-08T16:43:14.644Z
40030,10129,30107,SELECTED,2026-06-08T16:43:14.644Z,2026-06-08T16:43:14.644Z
40031,10195,30107,SELECTED,2026-06-08T16:43:14.644Z,2026-06-08T16:43:14.644Z
40032,10131,30054,SELECTED,2026-06-08T16:43:14.644Z,2026-06-08T16:43:14.644Z
40033,10151,30054,SELECTED,2026-06-08T16:43:14.644Z,2026-06-08T16:43:14.644Z
40034,10165,30054,SELECTED,2026-06-08T16:43:14.644Z,2026-06-08T16:43:14.644Z
40035,10184,30054,SELECTED,2026-06-08T16:43:14.644Z,2026-06-08T16:43:14.644Z
40036,10200,30054,SELECTED,2026-06-08T16:43:14.644Z,2026-06-08T16:43:14.644Z
40037,10131,30124,SELECTED,2026-06-08T16:43:14.644Z,2026-06-08T16:43:14.644Z
40038,10141,30124,SELECTED,2026-06-08T16:43:14.644Z,2026-06-08T16:43:14.644Z
40039,10141,30132,SELECTED,2026-06-08T16:43:14.644Z,2026-06-08T16:43:14.644Z
40040,10209,30132,SELECTED,2026-06-08T16:43:14.644Z,2026-06-08T16:43:14.644Z
40041,10147,30073,SELECTED,2026-06-08T16:43:14.644Z,2026-06-08T16:43:14.644Z
40042,10196,30073,SELECTED,2026-06-08T16:43:14.644Z,2026-06-08T16:43:14.644Z
40043,10208,30073,SELECTED,2026-06-08T16:43:14.644Z,2026-06-08T16:43:14.644Z
40044,10156,30006,SELECTED,2026-06-08T16:43:14.644Z,2026-06-08T16:43:14.644Z
40045,10163,30006,SELECTED,2026-06-08T16:43:14.644Z,2026-06-08T16:43:14.644Z
40046,10170,30006,SELECTED,2026-06-08T16:43:14.644Z,2026-06-08T16:43:14.644Z
40047,10159,30095,SELECTED,2026-06-08T16:43:14.644Z,2026-06-08T16:43:14.644Z
40048,10225,30095,SELECTED,2026-06-08T16:43:14.644Z,2026-06-08T16:43:14.644Z
40049,10164,30013,SELECTED,2026-06-08T16:43:14.644Z,2026-06-08T16:43:14.644Z
40050,10186,30049,SELECTED,2026-06-08T16:43:14.644Z,2026-06-08T16:43:14.644Z
40051,10189,30119,SELECTED,2026-06-08T16:43:14.644Z,2026-06-08T16:43:14.644Z
40052,10203,30119,SELECTED,2026-06-08T16:43:14.644Z,2026-06-08T16:43:14.644Z
40053,10194,30014,SELECTED,2026-06-08T16:43:14.644Z,2026-06-08T16:43:14.644Z
40054,10198,30151,SELECTED,2026-06-08T16:43:14.644Z,2026-06-08T16:43:14.644Z
40055,10205,30151,SELECTED,2026-06-08T16:43:14.644Z,2026-06-08T16:43:14.644Z
40056,10389,30120,SELECTED,2026-06-08T16:43:14.644Z,2026-06-08T16:43:14.644Z
40057,10389,30164,SELECTED,2026-06-08T16:43:14.644Z,2026-06-08T16:43:14.644Z
40058,10396,30164,SELECTED,2026-06-08T16:43:14.644Z,2026-06-08T16:43:14.644Z
40059,10399,30164,SELECTED,2026-06-08T16:43:14.644Z,2026-06-08T16:43:14.644Z
40060,10418,30164,SELECTED,2026-06-08T16:43:14.644Z,2026-06-08T16:43:14.644Z
40061,10446,30164,SELECTED,2026-06-08T16:43:14.644Z,2026-06-08T16:43:14.644Z
40062,10390,30023,SELECTED,2026-06-08T16:43:14.644Z,2026-06-08T16:43:14.644Z
40063,10398,30158,SELECTED,2026-06-08T16:43:14.644Z,2026-06-08T16:43:14.644Z
40064,10426,30158,SELECTED,2026-06-08T16:43:14.644Z,2026-06-08T16:43:14.644Z
40065,10428,30158,SELECTED,2026-06-08T16:43:14.644Z,2026-06-08T16:43:14.644Z
40066,10405,30043,SELECTED,2026-06-08T16:43:14.644Z,2026-06-08T16:43:14.644Z
40067,10423,30043,SELECTED,2026-06-08T16:43:14.644Z,2026-06-08T16:43:14.644Z
40068,10549,30043,SELECTED,2026-06-08T16:43:14.644Z,2026-06-08T16:43:14.644Z
40069,10406,30098,SELECTED,2026-06-08T16:43:14.644Z,2026-06-08T16:43:14.644Z
40070,10411,30110,SELECTED,2026-06-08T16:43:14.644Z,2026-06-08T16:43:14.644Z
40071,10419,30010,SELECTED,2026-06-08T16:43:14.644Z,2026-06-08T16:43:14.644Z
40072,10427,30010,SELECTED,2026-06-08T16:43:14.644Z,2026-06-08T16:43:14.644Z
40073,10471,30010,SELECTED,2026-06-08T16:43:14.644Z,2026-06-08T16:43:14.644Z
40074,10425,30019,SELECTED,2026-06-08T16:43:14.644Z,2026-06-08T16:43:14.644Z
40075,10431,30034,SELECTED,2026-06-08T16:43:14.644Z,2026-06-08T16:43:14.644Z
40076,10434,30172,SELECTED,2026-06-08T16:43:14.644Z,2026-06-08T16:43:14.644Z
40077,10455,30172,SELECTED,2026-06-08T16:43:14.644Z,2026-06-08T16:43:14.644Z
40078,10440,30040,SELECTED,2026-06-08T16:43:14.644Z,2026-06-08T16:43:14.644Z
40079,10468,30040,SELECTED,2026-06-08T16:43:14.644Z,2026-06-08T16:43:14.644Z
40080,10442,30102,SELECTED,2026-06-08T16:43:14.644Z,2026-06-08T16:43:14.644Z
40081,10447,30102,SELECTED,2026-06-08T16:43:14.644Z,2026-06-08T16:43:14.644Z
40082,10449,30102,SELECTED,2026-06-08T16:43:14.644Z,2026-06-08T16:43:14.644Z
40083,10659,30102,SELECTED,2026-06-08T16:43:14.644Z,2026-06-08T16:43:14.644Z
40084,10448,30128,SELECTED,2026-06-08T16:43:14.644Z,2026-06-08T16:43:14.644Z
40085,10678,30128,SELECTED,2026-06-08T16:43:14.644Z,2026-06-08T16:43:14.644Z
40086,10688,30128,SELECTED,2026-06-08T16:43:14.644Z,2026-06-08T16:43:14.644Z
40087,10689,30128,SELECTED,2026-06-08T16:43:14.644Z,2026-06-08T16:43:14.644Z
40088,10451,30175,SELECTED,2026-06-08T16:43:14.644Z,2026-06-08T16:43:14.644Z
40089,10609,30175,SELECTED,2026-06-08T16:43:14.644Z,2026-06-08T16:43:14.644Z
40090,10645,30175,SELECTED,2026-06-08T16:43:14.644Z,2026-06-08T16:43:14.644Z
40091,10459,30047,SELECTED,2026-06-08T16:43:14.644Z,2026-06-08T16:43:14.644Z
40092,10284,30047,SELECTED,2026-06-08T16:43:14.644Z,2026-06-08T16:43:14.644Z
40093,10352,30047,SELECTED,2026-06-08T16:43:14.644Z,2026-06-08T16:43:14.644Z
40094,10497,30047,SELECTED,2026-06-08T16:43:14.644Z,2026-06-08T16:43:14.644Z
40095,10519,30047,SELECTED,2026-06-08T16:43:14.644Z,2026-06-08T16:43:14.644Z
40096,10719,30047,SELECTED,2026-06-08T16:43:14.644Z,2026-06-08T16:43:14.644Z
40097,10460,30117,SELECTED,2026-06-08T16:43:14.644Z,2026-06-08T16:43:14.644Z
40098,10470,30089,SELECTED,2026-06-08T16:43:14.644Z,2026-06-08T16:43:14.644Z
40099,10472,30113,SELECTED,2026-06-08T16:43:14.644Z,2026-06-08T16:43:14.644Z
40100,10473,30140,SELECTED,2026-06-08T16:43:14.644Z,2026-06-08T16:43:14.644Z
40101,10003,30103,SELECTED,2026-06-08T16:43:14.644Z,2026-06-08T16:43:14.644Z
40102,10003,30032,SELECTED,2026-06-08T16:43:14.644Z,2026-06-08T16:43:14.644Z
40103,10003,30036,SELECTED,2026-06-08T16:43:14.644Z,2026-06-08T16:43:14.644Z
40104,10004,30139,SELECTED,2026-06-08T16:43:14.644Z,2026-06-08T16:43:14.644Z
40105,10224,30060,SELECTED,2026-06-08T16:43:14.644Z,2026-06-08T16:43:14.644Z
40106,10238,30060,SELECTED,2026-06-08T16:43:14.644Z,2026-06-08T16:43:14.644Z
40107,10271,30060,SELECTED,2026-06-08T16:43:14.644Z,2026-06-08T16:43:14.644Z
40108,10299,30060,SELECTED,2026-06-08T16:43:14.644Z,2026-06-08T16:43:14.644Z
40109,10226,30080,SELECTED,2026-06-08T16:43:14.644Z,2026-06-08T16:43:14.644Z
40110,10229,30152,SELECTED,2026-06-08T16:43:14.644Z,2026-06-08T16:43:14.644Z
40111,10235,30152,SELECTED,2026-06-08T16:43:14.644Z,2026-06-08T16:43:14.644Z
40112,10263,30152,SELECTED,2026-06-08T16:43:14.644Z,2026-06-08T16:43:14.644Z
40113,10229,30084,SELECTED,2026-06-08T16:43:14.644Z,2026-06-08T16:43:14.644Z
40114,10262,30084,SELECTED,2026-06-08T16:43:14.644Z,2026-06-08T16:43:14.644Z
40115,10276,30084,SELECTED,2026-06-08T16:43:14.644Z,2026-06-08T16:43:14.644Z
40116,10287,30084,SELECTED,2026-06-08T16:43:14.644Z,2026-06-08T16:43:14.644Z
40117,10292,30084,SELECTED,2026-06-08T16:43:14.644Z,2026-06-08T16:43:14.644Z
40118,10231,30066,SELECTED,2026-06-08T16:43:14.644Z,2026-06-08T16:43:14.644Z
40119,10244,30066,SELECTED,2026-06-08T16:43:14.644Z,2026-06-08T16:43:14.644Z
40120,10251,30066,SELECTED,2026-06-08T16:43:14.644Z,2026-06-08T16:43:14.644Z
40121,10261,30066,SELECTED,2026-06-08T16:43:14.644Z,2026-06-08T16:43:14.644Z
40122,10508,30066,SELECTED,2026-06-08T16:43:14.644Z,2026-06-08T16:43:14.644Z
40123,10514,30066,SELECTED,2026-06-08T16:43:14.644Z,2026-06-08T16:43:14.644Z
40124,10531,30066,SELECTED,2026-06-08T16:43:14.644Z,2026-06-08T16:43:14.644Z
40125,10233,30160,SELECTED,2026-06-08T16:43:14.644Z,2026-06-08T16:43:14.644Z
40126,10286,30160,SELECTED,2026-06-08T16:43:14.644Z,2026-06-08T16:43:14.644Z
40127,10234,30166,SELECTED,2026-06-08T16:43:14.644Z,2026-06-08T16:43:14.644Z
40128,10240,30130,SELECTED,2026-06-08T16:43:14.644Z,2026-06-08T16:43:14.644Z
40129,10243,30130,SELECTED,2026-06-08T16:43:14.644Z,2026-06-08T16:43:14.644Z
40130,10246,30130,SELECTED,2026-06-08T16:43:14.644Z,2026-06-08T16:43:14.644Z
40131,10266,30130,SELECTED,2026-06-08T16:43:14.644Z,2026-06-08T16:43:14.644Z
40132,10274,30130,SELECTED,2026-06-08T16:43:14.644Z,2026-06-08T16:43:14.644Z
40133,10242,30082,SELECTED,2026-06-08T16:43:14.644Z,2026-06-08T16:43:14.644Z
40134,10245,30083,SELECTED,2026-06-08T16:43:14.644Z,2026-06-08T16:43:14.644Z
40135,10267,30083,SELECTED,2026-06-08T16:43:14.644Z,2026-06-08T16:43:14.644Z
40136,10538,30083,SELECTED,2026-06-08T16:43:14.644Z,2026-06-08T16:43:14.644Z
40137,10245,30001,SELECTED,2026-06-08T16:43:14.644Z,2026-06-08T16:43:14.644Z
40138,10291,30001,SELECTED,2026-06-08T16:43:14.644Z,2026-06-08T16:43:14.644Z
40139,10249,30155,SELECTED,2026-06-08T16:43:14.644Z,2026-06-08T16:43:14.644Z
40140,10254,30099,SELECTED,2026-06-08T16:43:14.644Z,2026-06-08T16:43:14.644Z
40141,10290,30099,SELECTED,2026-06-08T16:43:14.644Z,2026-06-08T16:43:14.644Z
40142,10255,30147,SELECTED,2026-06-08T16:43:14.644Z,2026-06-08T16:43:14.644Z
40143,10258,30162,SELECTED,2026-06-08T16:43:14.644Z,2026-06-08T16:43:14.644Z
40144,10277,30162,SELECTED,2026-06-08T16:43:14.644Z,2026-06-08T16:43:14.644Z
40145,10287,30162,SELECTED,2026-06-08T16:43:14.644Z,2026-06-08T16:43:14.644Z
40146,10260,30070,SELECTED,2026-06-08T16:43:14.644Z,2026-06-08T16:43:14.644Z
40147,10261,30070,SELECTED,2026-06-08T16:43:14.644Z,2026-06-08T16:43:14.644Z
40148,10267,30017,SELECTED,2026-06-08T16:43:14.644Z,2026-06-08T16:43:14.644Z
40149,10269,30063,SELECTED,2026-06-08T16:43:14.644Z,2026-06-08T16:43:14.644Z
40150,10270,30112,SELECTED,2026-06-08T16:43:14.644Z,2026-06-08T16:43:14.644Z
40151,10271,30048,SELECTED,2026-06-08T16:43:14.644Z,2026-06-08T16:43:14.644Z
40152,10288,30048,SELECTED,2026-06-08T16:43:14.644Z,2026-06-08T16:43:14.644Z
40153,10277,30165,SELECTED,2026-06-08T16:43:14.644Z,2026-06-08T16:43:14.644Z
40154,10526,30165,SELECTED,2026-06-08T16:43:14.644Z,2026-06-08T16:43:14.644Z
40155,10280,30116,SELECTED,2026-06-08T16:43:14.644Z,2026-06-08T16:43:14.644Z
40156,10285,30007,SELECTED,2026-06-08T16:43:14.644Z,2026-06-08T16:43:14.644Z
40157,10540,30007,SELECTED,2026-06-08T16:43:14.644Z,2026-06-08T16:43:14.644Z
40158,10302,30025,SELECTED,2026-06-08T16:43:14.644Z,2026-06-08T16:43:14.644Z
40159,10307,30033,SELECTED,2026-06-08T16:43:14.644Z,2026-06-08T16:43:14.644Z
40160,10326,30033,SELECTED,2026-06-08T16:43:14.644Z,2026-06-08T16:43:14.644Z
40161,10308,30125,SELECTED,2026-06-08T16:43:14.644Z,2026-06-08T16:43:14.644Z
40162,10333,30125,SELECTED,2026-06-08T16:43:14.644Z,2026-06-08T16:43:14.644Z
40163,10309,30114,SELECTED,2026-06-08T16:43:14.644Z,2026-06-08T16:43:14.644Z
40164,10313,30002,SELECTED,2026-06-08T16:43:14.644Z,2026-06-08T16:43:14.644Z
40165,10321,30002,SELECTED,2026-06-08T16:43:14.644Z,2026-06-08T16:43:14.644Z
40166,10363,30002,SELECTED,2026-06-08T16:43:14.644Z,2026-06-08T16:43:14.644Z
40167,10319,30067,SELECTED,2026-06-08T16:43:14.644Z,2026-06-08T16:43:14.644Z
40168,10326,30067,SELECTED,2026-06-08T16:43:14.644Z,2026-06-08T16:43:14.644Z
40169,10320,30085,SELECTED,2026-06-08T16:43:14.644Z,2026-06-08T16:43:14.644Z
40170,10324,30123,SELECTED,2026-06-08T16:43:14.644Z,2026-06-08T16:43:14.644Z
40171,10324,30104,SELECTED,2026-06-08T16:43:14.644Z,2026-06-08T16:43:14.644Z
40172,10325,30026,SELECTED,2026-06-08T16:43:14.644Z,2026-06-08T16:43:14.644Z
40173,10327,30027,SELECTED,2026-06-08T16:43:14.644Z,2026-06-08T16:43:14.644Z
40174,10335,30020,SELECTED,2026-06-08T16:43:14.644Z,2026-06-08T16:43:14.644Z
40175,10338,30003,SELECTED,2026-06-08T16:43:14.644Z,2026-06-08T16:43:14.644Z
40176,10342,30153,SELECTED,2026-06-08T16:43:14.644Z,2026-06-08T16:43:14.644Z
40177,10343,30044,SELECTED,2026-06-08T16:43:14.644Z,2026-06-08T16:43:14.644Z
40178,10347,30159,SELECTED,2026-06-08T16:43:14.644Z,2026-06-08T16:43:14.644Z
40179,10348,30004,SELECTED,2026-06-08T16:43:14.644Z,2026-06-08T16:43:14.644Z
40180,10349,30072,SELECTED,2026-06-08T16:43:14.644Z,2026-06-08T16:43:14.644Z
40181,10350,30028,SELECTED,2026-06-08T16:43:14.644Z,2026-06-08T16:43:14.644Z
40182,10353,30015,SELECTED,2026-06-08T16:43:14.644Z,2026-06-08T16:43:14.644Z
40183,10357,30037,SELECTED,2026-06-08T16:43:14.644Z,2026-06-08T16:43:14.644Z
40184,10361,30046,SELECTED,2026-06-08T16:43:14.644Z,2026-06-08T16:43:14.644Z
40185,10362,30149,SELECTED,2026-06-08T16:43:14.644Z,2026-06-08T16:43:14.644Z
40186,10369,30149,SELECTED,2026-06-08T16:43:14.644Z,2026-06-08T16:43:14.644Z
40187,10367,30150,SELECTED,2026-06-08T16:43:14.644Z,2026-06-08T16:43:14.644Z
40188,10368,30170,SELECTED,2026-06-08T16:43:14.644Z,2026-06-08T16:43:14.644Z
40189,10370,30126,SELECTED,2026-06-08T16:43:14.644Z,2026-06-08T16:43:14.644Z
40190,10377,30144,SELECTED,2026-06-08T16:43:14.644Z,2026-06-08T16:43:14.644Z
40191,10379,30074,SELECTED,2026-06-08T16:43:14.644Z,2026-06-08T16:43:14.644Z
40192,10380,30075,SELECTED,2026-06-08T16:43:14.644Z,2026-06-08T16:43:14.644Z
40193,10381,30115,SELECTED,2026-06-08T16:43:14.644Z,2026-06-08T16:43:14.644Z
40194,10383,30041,SELECTED,2026-06-08T16:43:14.644Z,2026-06-08T16:43:14.644Z
40195,10477,30031,SELECTED,2026-06-08T16:43:14.644Z,2026-06-08T16:43:14.644Z
40196,10478,30052,SELECTED,2026-06-08T16:43:14.644Z,2026-06-08T16:43:14.644Z
40197,10478,30035,SELECTED,2026-06-08T16:43:14.644Z,2026-06-08T16:43:14.644Z
40198,10482,30035,SELECTED,2026-06-08T16:43:14.644Z,2026-06-08T16:43:14.644Z
40199,10541,30035,SELECTED,2026-06-08T16:43:14.644Z,2026-06-08T16:43:14.644Z
40200,10480,30005,SELECTED,2026-06-08T16:43:14.644Z,2026-06-08T16:43:14.644Z
40201,10513,30005,SELECTED,2026-06-08T16:43:14.644Z,2026-06-08T16:43:14.644Z
40202,10515,30005,SELECTED,2026-06-08T16:43:14.644Z,2026-06-08T16:43:14.644Z
40203,10521,30005,SELECTED,2026-06-08T16:43:14.644Z,2026-06-08T16:43:14.644Z
40204,10545,30005,SELECTED,2026-06-08T16:43:14.644Z,2026-06-08T16:43:14.644Z
40205,10481,30168,SELECTED,2026-06-08T16:43:14.644Z,2026-06-08T16:43:14.644Z
40206,10484,30030,SELECTED,2026-06-08T16:43:14.644Z,2026-06-08T16:43:14.644Z
40207,10485,30121,SELECTED,2026-06-08T16:43:14.644Z,2026-06-08T16:43:14.644Z
40208,10486,30079,SELECTED,2026-06-08T16:43:14.644Z,2026-06-08T16:43:14.644Z
40209,10490,30079,SELECTED,2026-06-08T16:43:14.644Z,2026-06-08T16:43:14.644Z
40210,10554,30079,SELECTED,2026-06-08T16:43:14.644Z,2026-06-08T16:43:14.644Z
40211,10487,30135,SELECTED,2026-06-08T16:43:14.644Z,2026-06-08T16:43:14.644Z
40212,10487,30127,SELECTED,2026-06-08T16:43:14.644Z,2026-06-08T16:43:14.644Z
40213,10509,30127,SELECTED,2026-06-08T16:43:14.644Z,2026-06-08T16:43:14.644Z
40214,10488,30169,SELECTED,2026-06-08T16:43:14.644Z,2026-06-08T16:43:14.644Z
40215,10489,30169,SELECTED,2026-06-08T16:43:14.644Z,2026-06-08T16:43:14.644Z
40216,10505,30169,SELECTED,2026-06-08T16:43:14.644Z,2026-06-08T16:43:14.644Z
40217,10491,30087,SELECTED,2026-06-08T16:43:14.644Z,2026-06-08T16:43:14.644Z
40218,10491,30088,SELECTED,2026-06-08T16:43:14.644Z,2026-06-08T16:43:14.644Z
40219,10492,30146,SELECTED,2026-06-08T16:43:14.644Z,2026-06-08T16:43:14.644Z
40220,10494,30086,SELECTED,2026-06-08T16:43:14.644Z,2026-06-08T16:43:14.644Z
40221,10501,30086,SELECTED,2026-06-08T16:43:14.644Z,2026-06-08T16:43:14.644Z
40222,10525,30086,SELECTED,2026-06-08T16:43:14.644Z,2026-06-08T16:43:14.644Z
40223,10542,30086,SELECTED,2026-06-08T16:43:14.644Z,2026-06-08T16:43:14.644Z
40224,10544,30086,SELECTED,2026-06-08T16:43:14.644Z,2026-06-08T16:43:14.644Z
40225,10495,30029,SELECTED,2026-06-08T16:43:14.644Z,2026-06-08T16:43:14.644Z
40226,10496,30055,SELECTED,2026-06-08T16:43:14.644Z,2026-06-08T16:43:14.644Z
40227,10500,30145,SELECTED,2026-06-08T16:43:14.644Z,2026-06-08T16:43:14.644Z
40228,10517,30145,SELECTED,2026-06-08T16:43:14.644Z,2026-06-08T16:43:14.644Z
40229,10503,30058,SELECTED,2026-06-08T16:43:14.644Z,2026-06-08T16:43:14.644Z
40230,10512,30058,SELECTED,2026-06-08T16:43:14.644Z,2026-06-08T16:43:14.644Z
40231,10510,30045,SELECTED,2026-06-08T16:43:14.644Z,2026-06-08T16:43:14.644Z
40232,10512,30081,SELECTED,2026-06-08T16:43:14.644Z,2026-06-08T16:43:14.644Z
40233,10553,30081,SELECTED,2026-06-08T16:43:14.644Z,2026-06-08T16:43:14.644Z
40234,10519,30156,SELECTED,2026-06-08T16:43:14.644Z,2026-06-08T16:43:14.644Z
40235,10520,30071,SELECTED,2026-06-08T16:43:14.644Z,2026-06-08T16:43:14.644Z
40236,10529,30076,SELECTED,2026-06-08T16:43:14.644Z,2026-06-08T16:43:14.644Z
40237,10532,30096,SELECTED,2026-06-08T16:43:14.644Z,2026-06-08T16:43:14.644Z
40238,10533,30161,SELECTED,2026-06-08T16:43:14.644Z,2026-06-08T16:43:14.644Z
40239,10539,30161,SELECTED,2026-06-08T16:43:14.644Z,2026-06-08T16:43:14.644Z
40240,10546,30161,SELECTED,2026-06-08T16:43:14.644Z,2026-06-08T16:43:14.644Z
40241,10543,30077,SELECTED,2026-06-08T16:43:14.644Z,2026-06-08T16:43:14.644Z
40242,10550,30078,SELECTED,2026-06-08T16:43:14.644Z,2026-06-08T16:43:14.644Z
40243,10585,30078,SELECTED,2026-06-08T16:43:14.644Z,2026-06-08T16:43:14.644Z
40244,10600,30078,SELECTED,2026-06-08T16:43:14.644Z,2026-06-08T16:43:14.644Z
40245,10551,30154,SELECTED,2026-06-08T16:43:14.644Z,2026-06-08T16:43:14.644Z
40246,10553,30059,SELECTED,2026-06-08T16:43:14.644Z,2026-06-08T16:43:14.644Z
40247,10555,30018,SELECTED,2026-06-08T16:43:14.644Z,2026-06-08T16:43:14.644Z
40248,10654,30141,SELECTED,2026-06-08T16:43:14.644Z,2026-06-08T16:43:14.644Z
40249,10685,30141,SELECTED,2026-06-08T16:43:14.644Z,2026-06-08T16:43:14.644Z
40250,10656,30129,SELECTED,2026-06-08T16:43:14.644Z,2026-06-08T16:43:14.644Z
40251,10658,30173,SELECTED,2026-06-08T16:43:14.644Z,2026-06-08T16:43:14.644Z
40252,10668,30173,SELECTED,2026-06-08T16:43:14.644Z,2026-06-08T16:43:14.644Z
40253,10673,30173,SELECTED,2026-06-08T16:43:14.644Z,2026-06-08T16:43:14.644Z
40254,10684,30173,SELECTED,2026-06-08T16:43:14.644Z,2026-06-08T16:43:14.644Z
40255,10702,30173,SELECTED,2026-06-08T16:43:14.644Z,2026-06-08T16:43:14.644Z
40256,10709,30173,SELECTED,2026-06-08T16:43:14.644Z,2026-06-08T16:43:14.644Z
40257,10659,30009,SELECTED,2026-06-08T16:43:14.644Z,2026-06-08T16:43:14.644Z
40258,10676,30009,SELECTED,2026-06-08T16:43:14.644Z,2026-06-08T16:43:14.644Z
40259,10679,30009,SELECTED,2026-06-08T16:43:14.644Z,2026-06-08T16:43:14.644Z
40260,10701,30009,SELECTED,2026-06-08T16:43:14.644Z,2026-06-08T16:43:14.644Z
40261,10662,30142,SELECTED,2026-06-08T16:43:14.644Z,2026-06-08T16:43:14.644Z
40262,10711,30142,SELECTED,2026-06-08T16:43:14.644Z,2026-06-08T16:43:14.644Z
40263,10715,30142,SELECTED,2026-06-08T16:43:14.644Z,2026-06-08T16:43:14.644Z
40264,10663,30134,SELECTED,2026-06-08T16:43:14.644Z,2026-06-08T16:43:14.644Z
40265,10664,30093,SELECTED,2026-06-08T16:43:14.644Z,2026-06-08T16:43:14.644Z
40266,10691,30093,SELECTED,2026-06-08T16:43:14.644Z,2026-06-08T16:43:14.644Z
40267,10697,30093,SELECTED,2026-06-08T16:43:14.644Z,2026-06-08T16:43:14.644Z
40268,10708,30093,SELECTED,2026-06-08T16:43:14.644Z,2026-06-08T16:43:14.644Z
40269,10716,30093,SELECTED,2026-06-08T16:43:14.644Z,2026-06-08T16:43:14.644Z
40270,10718,30093,SELECTED,2026-06-08T16:43:14.644Z,2026-06-08T16:43:14.644Z
40271,10727,30093,SELECTED,2026-06-08T16:43:14.644Z,2026-06-08T16:43:14.644Z
40272,10665,30106,SELECTED,2026-06-08T16:43:14.644Z,2026-06-08T16:43:14.644Z
40273,10668,30136,SELECTED,2026-06-08T16:43:14.644Z,2026-06-08T16:43:14.644Z
40274,10671,30136,SELECTED,2026-06-08T16:43:14.644Z,2026-06-08T16:43:14.644Z
40275,10709,30136,SELECTED,2026-06-08T16:43:14.644Z,2026-06-08T16:43:14.644Z
40276,10680,30057,SELECTED,2026-06-08T16:43:14.644Z,2026-06-08T16:43:14.644Z
40277,10726,30057,SELECTED,2026-06-08T16:43:14.644Z,2026-06-08T16:43:14.644Z
40278,10728,30057,SELECTED,2026-06-08T16:43:14.644Z,2026-06-08T16:43:14.644Z
40279,10696,30133,SELECTED,2026-06-08T16:43:14.644Z,2026-06-08T16:43:14.644Z
40280,10699,30167,SELECTED,2026-06-08T16:43:14.644Z,2026-06-08T16:43:14.644Z
40281,10704,30021,SELECTED,2026-06-08T16:43:14.644Z,2026-06-08T16:43:14.644Z
40282,10710,30061,SELECTED,2026-06-08T16:43:14.644Z,2026-06-08T16:43:14.644Z
40283,10716,30097,SELECTED,2026-06-08T16:43:14.644Z,2026-06-08T16:43:14.644Z
40284,10717,30148,SELECTED,2026-06-08T16:43:14.644Z,2026-06-08T16:43:14.644Z
40285,10723,30092,SELECTED,2026-06-08T16:43:14.644Z,2026-06-08T16:43:14.644Z
40286,10558,30064,SELECTED,2026-06-08T16:43:14.644Z,2026-06-08T16:43:14.644Z
40287,10583,30064,SELECTED,2026-06-08T16:43:14.644Z,2026-06-08T16:43:14.644Z
40288,10561,30137,SELECTED,2026-06-08T16:43:14.644Z,2026-06-08T16:43:14.644Z
40289,10569,30137,SELECTED,2026-06-08T16:43:14.644Z,2026-06-08T16:43:14.644Z
40290,10584,30137,SELECTED,2026-06-08T16:43:14.644Z,2026-06-08T16:43:14.644Z
40291,10563,30131,SELECTED,2026-06-08T16:43:14.644Z,2026-06-08T16:43:14.644Z
40292,10563,30111,SELECTED,2026-06-08T16:43:14.644Z,2026-06-08T16:43:14.644Z
40293,10577,30111,SELECTED,2026-06-08T16:43:14.644Z,2026-06-08T16:43:14.644Z
40294,10611,30111,SELECTED,2026-06-08T16:43:14.644Z,2026-06-08T16:43:14.644Z
40295,10640,30111,SELECTED,2026-06-08T16:43:14.644Z,2026-06-08T16:43:14.644Z
40296,10646,30111,SELECTED,2026-06-08T16:43:14.644Z,2026-06-08T16:43:14.644Z
40297,10565,30108,SELECTED,2026-06-08T16:43:14.644Z,2026-06-08T16:43:14.644Z
40298,10566,30108,SELECTED,2026-06-08T16:43:14.644Z,2026-06-08T16:43:14.644Z
40299,10617,30108,SELECTED,2026-06-08T16:43:14.644Z,2026-06-08T16:43:14.644Z
40300,10640,30108,SELECTED,2026-06-08T16:43:14.644Z,2026-06-08T16:43:14.644Z
40301,10568,30118,SELECTED,2026-06-08T16:43:14.644Z,2026-06-08T16:43:14.644Z
40302,10573,30022,SELECTED,2026-06-08T16:43:14.644Z,2026-06-08T16:43:14.644Z
40303,10575,30024,SELECTED,2026-06-08T16:43:14.644Z,2026-06-08T16:43:14.644Z
40304,10619,30024,SELECTED,2026-06-08T16:43:14.644Z,2026-06-08T16:43:14.644Z
40305,10577,30157,SELECTED,2026-06-08T16:43:14.644Z,2026-06-08T16:43:14.644Z
40306,10632,30157,SELECTED,2026-06-08T16:43:14.644Z,2026-06-08T16:43:14.644Z
40307,10578,30105,SELECTED,2026-06-08T16:43:14.644Z,2026-06-08T16:43:14.644Z
40308,10581,30105,SELECTED,2026-06-08T16:43:14.644Z,2026-06-08T16:43:14.644Z
40309,10594,30105,SELECTED,2026-06-08T16:43:14.644Z,2026-06-08T16:43:14.644Z
40310,10603,30105,SELECTED,2026-06-08T16:43:14.644Z,2026-06-08T16:43:14.644Z
40311,10604,30105,SELECTED,2026-06-08T16:43:14.644Z,2026-06-08T16:43:14.644Z
40312,10605,30105,SELECTED,2026-06-08T16:43:14.644Z,2026-06-08T16:43:14.644Z
40313,10620,30105,SELECTED,2026-06-08T16:43:14.644Z,2026-06-08T16:43:14.644Z
40314,10621,30105,SELECTED,2026-06-08T16:43:14.644Z,2026-06-08T16:43:14.644Z
40315,10622,30105,SELECTED,2026-06-08T16:43:14.644Z,2026-06-08T16:43:14.644Z
40316,10639,30105,SELECTED,2026-06-08T16:43:14.644Z,2026-06-08T16:43:14.644Z
40317,10579,30091,SELECTED,2026-06-08T16:43:14.644Z,2026-06-08T16:43:14.644Z
40318,10580,30174,SELECTED,2026-06-08T16:43:14.644Z,2026-06-08T16:43:14.644Z
40319,10609,30174,SELECTED,2026-06-08T16:43:14.644Z,2026-06-08T16:43:14.644Z
40320,10616,30174,SELECTED,2026-06-08T16:43:14.644Z,2026-06-08T16:43:14.644Z
40321,10586,30143,SELECTED,2026-06-08T16:43:14.644Z,2026-06-08T16:43:14.644Z
40322,10633,30143,SELECTED,2026-06-08T16:43:14.644Z,2026-06-08T16:43:14.644Z
40323,10589,30122,SELECTED,2026-06-08T16:43:14.644Z,2026-06-08T16:43:14.644Z
40324,10597,30122,SELECTED,2026-06-08T16:43:14.644Z,2026-06-08T16:43:14.644Z
40325,10605,30122,SELECTED,2026-06-08T16:43:14.644Z,2026-06-08T16:43:14.644Z
40326,10644,30122,SELECTED,2026-06-08T16:43:14.644Z,2026-06-08T16:43:14.644Z
40327,10589,30051,SELECTED,2026-06-08T16:43:14.644Z,2026-06-08T16:43:14.644Z
40328,10608,30051,SELECTED,2026-06-08T16:43:14.644Z,2026-06-08T16:43:14.644Z
40329,10630,30051,SELECTED,2026-06-08T16:43:14.644Z,2026-06-08T16:43:14.644Z
40330,10635,30051,SELECTED,2026-06-08T16:43:14.644Z,2026-06-08T16:43:14.644Z
40331,10593,30042,SELECTED,2026-06-08T16:43:14.644Z,2026-06-08T16:43:14.644Z
40332,10624,30042,SELECTED,2026-06-08T16:43:14.644Z,2026-06-08T16:43:14.644Z
40333,10595,30000,SELECTED,2026-06-08T16:43:14.644Z,2026-06-08T16:43:14.644Z
40334,10602,30062,SELECTED,2026-06-08T16:43:14.644Z,2026-06-08T16:43:14.644Z
40335,10606,30094,SELECTED,2026-06-08T16:43:14.644Z,2026-06-08T16:43:14.644Z
40336,10610,30011,SELECTED,2026-06-08T16:43:14.644Z,2026-06-08T16:43:14.644Z
40337,10625,30011,SELECTED,2026-06-08T16:43:14.644Z,2026-06-08T16:43:14.644Z
40338,10649,30011,SELECTED,2026-06-08T16:43:14.644Z,2026-06-08T16:43:14.644Z
40339,10612,30163,SELECTED,2026-06-08T16:43:14.644Z,2026-06-08T16:43:14.644Z
40340,10623,30171,SELECTED,2026-06-08T16:43:14.644Z,2026-06-08T16:43:14.644Z
40341,10624,30008,SELECTED,2026-06-08T16:43:14.644Z,2026-06-08T16:43:14.644Z
40342,10627,30012,SELECTED,2026-06-08T16:43:14.644Z,2026-06-08T16:43:14.644Z
40343,10637,30090,SELECTED,2026-06-08T16:43:14.644Z,2026-06-08T16:43:14.644Z
40344,10638,30090,SELECTED,2026-06-08T16:43:14.644Z,2026-06-08T16:43:14.644Z
40345,10645,30090,SELECTED,2026-06-08T16:43:14.644Z,2026-06-08T16:43:14.644Z
40346,10637,30068,SELECTED,2026-06-08T16:43:14.644Z,2026-06-08T16:43:14.644Z
40347,10645,30068,SELECTED,2026-06-08T16:43:14.644Z,2026-06-08T16:43:14.644Z
40348,10644,30100,SELECTED,2026-06-08T16:43:14.644Z,2026-06-08T16:43:14.644Z
40349,10651,30069,SELECTED,2026-06-08T16:43:14.644Z,2026-06-08T16:43:14.644Z
