id,title,companyId,description,minCgpa,requiredSkills,eligibleBranches,status,jobType,stipendAmount,ppoAmount,ctcAmount,createdAt,updatedAt
30000,FACULTY - Aakash,20000,"Aakash is hiring for the FACULTY role through the 2026 campus placement process. This posting is open to Mechanical Engineering students with minimum CGPA 6.2. Responsibilities and selection expectations are inferred from the company, role and offer data in the placement sheet.",6.2,"{""Subject Knowledge"",""Teaching"",""Communication"",""Mentoring""}","{""Mechanical Engineering""}",OPEN,FTE_ONLY,,,900000,2026-06-08T16:43:14.644Z,2026-06-08T16:43:14.644Z
30001,AEH - Accenture,20001,"Accenture is hiring for the AEH role through the 2026 campus placement process. This posting is open to Computer Science and Engineering students with minimum CGPA 7.78. Responsibilities and selection expectations are inferred from the company, role and offer data in the placement sheet.",7.78,"{""Problem Solving"",""Communication"",""Technical Aptitude""}","{""Computer Science and Engineering""}",OPEN,FTE_ONLY,,,1056000,2026-06-08T16:43:14.644Z,2026-06-08T16:43:14.644Z
30002,AEH - Accenture,20001,"Accenture is hiring for the AEH role through the 2026 campus placement process. This posting is open to Electronics and Communication Engineering students with minimum CGPA 6. Responsibilities and selection expectations are inferred from the company, role and offer data in the placement sheet.",6,"{""Problem Solving"",""Communication"",""Technical Aptitude""}","{""Electronics and Communication Engineering""}",OPEN,FTE_ONLY,,,1089000,2026-06-08T16:43:14.644Z,2026-06-08T16:43:14.644Z
30003,AEH - Accenture,20001,"Accenture is hiring for the AEH role through the 2026 campus placement process. This posting is open to Electronics and Communication Engineering students with minimum CGPA 7.513. Responsibilities and selection expectations are inferred from the company, role and offer data in the placement sheet.",7.513,"{""Problem Solving"",""Communication"",""Technical Aptitude""}","{""Electronics and Communication Engineering""}",OPEN,FTE_ONLY,,,1089000,2026-06-08T16:43:14.644Z,2026-06-08T16:43:14.644Z
30004,AEH - Accenture,20001,"Accenture is hiring for the AEH role through the 2026 campus placement process. This posting is open to Electronics and Communication Engineering students with minimum CGPA 7.5. Responsibilities and selection expectations are inferred from the company, role and offer data in the placement sheet.",7.5,"{""Problem Solving"",""Communication"",""Technical Aptitude""}","{""Electronics and Communication Engineering""}",OPEN,FTE_ONLY,,,1089000,2026-06-08T16:43:14.644Z,2026-06-08T16:43:14.644Z
30005,AEH - Accenture,20001,"Accenture is hiring for the AEH role through the 2026 campus placement process. This posting is open to Information Technology students with minimum CGPA 6.238. Responsibilities and selection expectations are inferred from the company, role and offer data in the placement sheet.",6.238,"{""Problem Solving"",""Communication"",""Technical Aptitude""}","{""Information Technology""}",OPEN,FTE_ONLY,,,1089000,2026-06-08T16:43:14.644Z,2026-06-08T16:43:14.644Z
30006,BDA - Acmegrade,20002,"Acmegrade is hiring for the BDA role through the 2026 campus placement process. This posting is open to Civil Engineering students with minimum CGPA 5.54. Responsibilities and selection expectations are inferred from the company, role and offer data in the placement sheet.",5.54,"{""Communication"",""Sales"",""Business Development"",""Presentation""}","{""Civil Engineering""}",OPEN,FTE_ONLY,,,800000,2026-06-08T16:43:14.644Z,2026-06-08T16:43:14.644Z
30007,BDA - Acmegrade,20002,"Acmegrade is hiring for the BDA role through the 2026 campus placement process. This posting is open to Computer Science and Engineering, Information Technology students with minimum CGPA 6.16. Responsibilities and selection expectations are inferred from the company, role and offer data in the placement sheet.",6.16,"{""Communication"",""Sales"",""Business Development"",""Presentation""}","{""Computer Science and Engineering"",""Information Technology""}",OPEN,FTE_ONLY,,,600000,2026-06-08T16:43:14.644Z,2026-06-08T16:43:14.644Z
30008,BDA - Acmegrade,20002,"Acmegrade is hiring for the BDA role through the 2026 campus placement process. This posting is open to Mechanical Engineering students with minimum CGPA 6.607. Responsibilities and selection expectations are inferred from the company, role and offer data in the placement sheet.",6.607,"{""Communication"",""Sales"",""Business Development"",""Presentation""}","{""Mechanical Engineering""}",OPEN,FTE_ONLY,,,600000,2026-06-08T16:43:14.644Z,2026-06-08T16:43:14.644Z
30009,GeT - Aditya Birla Group,20003,"Aditya Birla Group is hiring for the GeT role through the 2026 campus placement process. This posting is open to Metallurgical and Materials Engineering students with minimum CGPA 6.987. Responsibilities and selection expectations are inferred from the company, role and offer data in the placement sheet.",6.987,"{""Engineering Fundamentals"",""Problem Solving"",""Technical Aptitude"",""Communication""}","{""Metallurgical and Materials Engineering""}",OPEN,FTE_ONLY,,,750000,2026-06-08T16:43:14.644Z,2026-06-08T16:43:14.644Z
30010,GET - Aditya Birla Group,20003,"Aditya Birla Group is hiring for the GET role through the 2026 campus placement process. This posting is open to Electrical Engineering students with minimum CGPA 7.987. Responsibilities and selection expectations are inferred from the company, role and offer data in the placement sheet.",7.987,"{""Engineering Fundamentals"",""Problem Solving"",""Technical Aptitude"",""Communication""}","{""Electrical Engineering""}",OPEN,FTE_ONLY,,,,2026-06-08T16:43:14.644Z,2026-06-08T16:43:14.644Z
30011,GET - Aditya Birla Group,20003,"Aditya Birla Group is hiring for the GET role through the 2026 campus placement process. This posting is open to Mechanical Engineering students with minimum CGPA 7.6. Responsibilities and selection expectations are inferred from the company, role and offer data in the placement sheet.",7.6,"{""Engineering Fundamentals"",""Problem Solving"",""Technical Aptitude"",""Communication""}","{""Mechanical Engineering""}",OPEN,FTE_ONLY,,,750000,2026-06-08T16:43:14.644Z,2026-06-08T16:43:14.644Z
30012,FACULTY - Agarwal Classes,20004,"Agarwal Classes is hiring for the FACULTY role through the 2026 campus placement process. This posting is open to Mechanical Engineering students with minimum CGPA 8.373. Responsibilities and selection expectations are inferred from the company, role and offer data in the placement sheet.",8.373,"{""Subject Knowledge"",""Teaching"",""Communication"",""Mentoring""}","{""Mechanical Engineering""}",OPEN,FTE_ONLY,,,,2026-06-08T16:43:14.644Z,2026-06-08T16:43:14.644Z
30013,Faculty Trainee - Allen,20005,"Allen is hiring for the Faculty Trainee role through the 2026 campus placement process. This posting is open to Civil Engineering students with minimum CGPA 7.447. Responsibilities and selection expectations are inferred from the company, role and offer data in the placement sheet.",7.447,"{""Subject Knowledge"",""Teaching"",""Communication"",""Mentoring""}","{""Civil Engineering""}",OPEN,FTE_ONLY,,,600000,2026-06-08T16:43:14.644Z,2026-06-08T16:43:14.644Z
30014,Faculty Trainee - Allen,20005,"Allen is hiring for the Faculty Trainee role through the 2026 campus placement process. This posting is open to Civil Engineering students with minimum CGPA 7.813. Responsibilities and selection expectations are inferred from the company, role and offer data in the placement sheet.",7.813,"{""Subject Knowledge"",""Teaching"",""Communication"",""Mentoring""}","{""Civil Engineering""}",OPEN,FTE_ONLY,,,600000,2026-06-08T16:43:14.644Z,2026-06-08T16:43:14.644Z
30015,Faculty Trainee - Allen,20005,"Allen is hiring for the Faculty Trainee role through the 2026 campus placement process. This posting is open to Electronics and Communication Engineering students with minimum CGPA 8.14. Responsibilities and selection expectations are inferred from the company, role and offer data in the placement sheet.",8.14,"{""Subject Knowledge"",""Teaching"",""Communication"",""Mentoring""}","{""Electronics and Communication Engineering""}",OPEN,FTE_ONLY,,,600000,2026-06-08T16:43:14.644Z,2026-06-08T16:43:14.644Z
30016,Fculty Trainee - Allen,20005,"Allen is hiring for the Fculty Trainee role through the 2026 campus placement process. This posting is open to Civil Engineering students with minimum CGPA 7.98. Responsibilities and selection expectations are inferred from the company, role and offer data in the placement sheet.",7.98,"{""Problem Solving"",""Communication"",""Technical Aptitude""}","{""Civil Engineering""}",OPEN,FTE_ONLY,,,600000,2026-06-08T16:43:14.644Z,2026-06-08T16:43:14.644Z
30017,SDE - Apps for Bharat,20006,"Apps for Bharat is hiring for the SDE role through the 2026 campus placement process. This posting is open to Computer Science and Engineering students with minimum CGPA 7.947. Responsibilities and selection expectations are inferred from the company, role and offer data in the placement sheet.",7.947,"{""Programming"",""Data Structures"",""Problem Solving"",""Software Engineering""}","{""Computer Science and Engineering""}",OPEN,FTE_ONLY,,,1200000,2026-06-08T16:43:14.644Z,2026-06-08T16:43:14.644Z
30018,SDE - Apps for Bharat,20006,"Apps for Bharat is hiring for the SDE role through the 2026 campus placement process. This posting is open to Information Technology students with minimum CGPA 8.673. Responsibilities and selection expectations are inferred from the company, role and offer data in the placement sheet.",8.673,"{""Programming"",""Data Structures"",""Problem Solving"",""Software Engineering""}","{""Information Technology""}",OPEN,FTE_ONLY,,,1200000,2026-06-08T16:43:14.644Z,2026-06-08T16:43:14.644Z
30019,Campus Hire - Atomone,20008,"Atomone is hiring for the Campus Hire role through the 2026 campus placement process. This posting is open to Electrical Engineering students with minimum CGPA 0. Responsibilities and selection expectations are inferred from the company, role and offer data in the placement sheet.",0,"{""Problem Solving"",""Communication"",""Technical Aptitude""}","{""Electrical Engineering""}",OPEN,FTE_ONLY,,,500000,2026-06-08T16:43:14.644Z,2026-06-08T16:43:14.644Z
30020,Campus Hire - Atomone,20008,"Atomone is hiring for the Campus Hire role through the 2026 campus placement process. This posting is open to Electronics and Communication Engineering students with minimum CGPA 0. Responsibilities and selection expectations are inferred from the company, role and offer data in the placement sheet.",0,"{""Problem Solving"",""Communication"",""Technical Aptitude""}","{""Electronics and Communication Engineering""}",OPEN,FTE_ONLY,,,,2026-06-08T16:43:14.644Z,2026-06-08T16:43:14.644Z
30021,BDA - Averix Solutions,20009,"Averix Solutions is hiring for the BDA role through the 2026 campus placement process. This posting is open to Metallurgical and Materials Engineering students with minimum CGPA 5.487. Responsibilities and selection expectations are inferred from the company, role and offer data in the placement sheet.",5.487,"{""Communication"",""Sales"",""Business Development"",""Presentation""}","{""Metallurgical and Materials Engineering""}",OPEN,FTE_ONLY,,,600000,2026-06-08T16:43:14.644Z,2026-06-08T16:43:14.644Z
30022,BDA - averixis,20010,"averixis is hiring for the BDA role through the 2026 campus placement process. This posting is open to Mechanical Engineering students with minimum CGPA 0. Responsibilities and selection expectations are inferred from the company, role and offer data in the placement sheet.",0,"{""Communication"",""Sales"",""Business Development"",""Presentation""}","{""Mechanical Engineering""}",OPEN,FTE_ONLY,,,600000,2026-06-08T16:43:14.644Z,2026-06-08T16:43:14.644Z
30023,Campus Hire - AWL,20011,"AWL is hiring for the Campus Hire role through the 2026 campus placement process. This posting is open to Electrical Engineering students with minimum CGPA 6.033. Responsibilities and selection expectations are inferred from the company, role and offer data in the placement sheet.",6.033,"{""Problem Solving"",""Communication"",""Technical Aptitude""}","{""Electrical Engineering""}",OPEN,FTE_ONLY,,,690000,2026-06-08T16:43:14.644Z,2026-06-08T16:43:14.644Z
30024,PE - BEL,20012,"BEL is hiring for the PE role through the 2026 campus placement process. This posting is open to Mechanical Engineering students with minimum CGPA 7.293. Responsibilities and selection expectations are inferred from the company, role and offer data in the placement sheet.",7.293,"{""Problem Solving"",""Communication"",""Technical Aptitude""}","{""Mechanical Engineering""}",OPEN,FTE_ONLY,,,1274000,2026-06-08T16:43:14.644Z,2026-06-08T16:43:14.644Z
30025,Probationary Engineer - BEL,20012,"BEL is hiring for the Probationary Engineer role through the 2026 campus placement process. This posting is open to Electronics and Communication Engineering students with minimum CGPA 6.78. Responsibilities and selection expectations are inferred from the company, role and offer data in the placement sheet.",6.78,"{""Programming"",""Data Structures"",""Problem Solving"",""Software Engineering""}","{""Electronics and Communication Engineering""}",OPEN,FTE_ONLY,,,1274000,2026-06-08T16:43:14.644Z,2026-06-08T16:43:14.644Z
30026,Probationary Engineer - BEL,20012,"BEL is hiring for the Probationary Engineer role through the 2026 campus placement process. This posting is open to Electronics and Communication Engineering students with minimum CGPA 8.067. Responsibilities and selection expectations are inferred from the company, role and offer data in the placement sheet.",8.067,"{""Programming"",""Data Structures"",""Problem Solving"",""Software Engineering""}","{""Electronics and Communication Engineering""}",OPEN,FTE_ONLY,,,,2026-06-08T16:43:14.644Z,2026-06-08T16:43:14.644Z
30027,Probationary Engineer - BEL,20012,"BEL is hiring for the Probationary Engineer role through the 2026 campus placement process. This posting is open to Electronics and Communication Engineering students with minimum CGPA 7.94. Responsibilities and selection expectations are inferred from the company, role and offer data in the placement sheet.",7.94,"{""Programming"",""Data Structures"",""Problem Solving"",""Software Engineering""}","{""Electronics and Communication Engineering""}",OPEN,FTE_ONLY,,,,2026-06-08T16:43:14.644Z,2026-06-08T16:43:14.644Z
30028,Probationary Engineer - BEL,20012,"BEL is hiring for the Probationary Engineer role through the 2026 campus placement process. This posting is open to Electronics and Communication Engineering students with minimum CGPA 7.76. Responsibilities and selection expectations are inferred from the company, role and offer data in the placement sheet.",7.76,"{""Programming"",""Data Structures"",""Problem Solving"",""Software Engineering""}","{""Electronics and Communication Engineering""}",OPEN,FTE_ONLY,,,,2026-06-08T16:43:14.644Z,2026-06-08T16:43:14.644Z
30029,frontend-FTE - BrowserStack,20013,"BrowserStack is hiring for the frontend-FTE role through the 2026 campus placement process. This posting is open to Information Technology students with minimum CGPA 9.299. Responsibilities and selection expectations are inferred from the company, role and offer data in the placement sheet.",9.299,"{""Problem Solving"",""Communication"",""Technical Aptitude""}","{""Information Technology""}",OPEN,FTE_ONLY,,,1540000,2026-06-08T16:43:14.644Z,2026-06-08T16:43:14.644Z
30030,Frontend-FTE - BrowserStack,20013,"BrowserStack is hiring for the Frontend-FTE role through the 2026 campus placement process. This posting is open to Information Technology students with minimum CGPA 9.061. Responsibilities and selection expectations are inferred from the company, role and offer data in the placement sheet.",9.061,"{""Problem Solving"",""Communication"",""Technical Aptitude""}","{""Information Technology""}",OPEN,FTE_ONLY,,,1560000,2026-06-08T16:43:14.644Z,2026-06-08T16:43:14.644Z
30031,Campus Hire - C-DAC,20014,"C-DAC is hiring for the Campus Hire role through the 2026 campus placement process. This posting is open to Information Technology students with minimum CGPA 7.068. Responsibilities and selection expectations are inferred from the company, role and offer data in the placement sheet.",7.068,"{""Problem Solving"",""Communication"",""Technical Aptitude""}","{""Information Technology""}",OPEN,FTE_ONLY,,,,2026-06-08T16:43:14.644Z,2026-06-08T16:43:14.644Z
30032,Project Engineer - C-DAC,20014,"C-DAC is hiring for the Project Engineer role through the 2026 campus placement process. This posting is open to Computer Science and Engineering students with minimum CGPA 7.796. Responsibilities and selection expectations are inferred from the company, role and offer data in the placement sheet.",7.796,"{""Programming"",""Data Structures"",""Problem Solving"",""Software Engineering""}","{""Computer Science and Engineering""}",OPEN,FTE_ONLY,,,,2026-06-08T16:43:14.644Z,2026-06-08T16:43:14.644Z
30033,Project Engineer - C-Dac Chennai,20015,"C-Dac Chennai is hiring for the Project Engineer role through the 2026 campus placement process. This posting is open to Electronics and Communication Engineering students with minimum CGPA 6.873. Responsibilities and selection expectations are inferred from the company, role and offer data in the placement sheet.",6.873,"{""Programming"",""Data Structures"",""Problem Solving"",""Software Engineering""}","{""Electronics and Communication Engineering""}",OPEN,INTERN_PPO,,,589000,2026-06-08T16:43:14.644Z,2026-06-08T16:43:14.644Z
30034,BDA - Codeyoung,20016,"Codeyoung is hiring for the BDA role through the 2026 campus placement process. This posting is open to Electrical Engineering students with minimum CGPA 0. Responsibilities and selection expectations are inferred from the company, role and offer data in the placement sheet.",0,"{""Communication"",""Sales"",""Business Development"",""Presentation""}","{""Electrical Engineering""}",OPEN,FTE_ONLY,,,836000,2026-06-08T16:43:14.644Z,2026-06-08T16:43:14.644Z
30035,Campus Hire - CRIS,20017,"CRIS is hiring for the Campus Hire role through the 2026 campus placement process. This posting is open to Information Technology students with minimum CGPA 7.67. Responsibilities and selection expectations are inferred from the company, role and offer data in the placement sheet.",7.67,"{""Problem Solving"",""Communication"",""Technical Aptitude""}","{""Information Technology""}",OPEN,FTE_ONLY,,,2000000,2026-06-08T16:43:14.644Z,2026-06-08T16:43:14.644Z
30036,SDE - CRIS,20017,"CRIS is hiring for the SDE role through the 2026 campus placement process. This posting is open to Computer Science and Engineering students with minimum CGPA 7.796. Responsibilities and selection expectations are inferred from the company, role and offer data in the placement sheet.",7.796,"{""Programming"",""Data Structures"",""Problem Solving"",""Software Engineering""}","{""Computer Science and Engineering""}",OPEN,FTE_ONLY,,,2000000,2026-06-08T16:43:14.644Z,2026-06-08T16:43:14.644Z
30037,Campus Hire - Darwix AI,20018,"Darwix AI is hiring for the Campus Hire role through the 2026 campus placement process. This posting is open to Electronics and Communication Engineering students with minimum CGPA 7.673. Responsibilities and selection expectations are inferred from the company, role and offer data in the placement sheet.",7.673,"{""Problem Solving"",""Communication"",""Technical Aptitude""}","{""Electronics and Communication Engineering""}",OPEN,INTERN_ONLY,23000,,,2026-06-08T16:43:14.644Z,2026-06-08T16:43:14.644Z
30038,Data Analyst - Delhivery,20019,"Delhivery is hiring for the Data Analyst role through the 2026 campus placement process. This posting is open to Civil Engineering students with minimum CGPA 7.22. Responsibilities and selection expectations are inferred from the company, role and offer data in the placement sheet.",7.22,"{""Data Analysis"",""SQL"",""Problem Solving"",""Excel""}","{""Civil Engineering""}",OPEN,FTE_ONLY,,,600000,2026-06-08T16:43:14.644Z,2026-06-08T16:43:14.644Z
30039,Assistant Engineer - EASA SALEH,20020,"EASA SALEH is hiring for the Assistant Engineer role through the 2026 campus placement process. This posting is open to Civil Engineering students with minimum CGPA 7.073. Responsibilities and selection expectations are inferred from the company, role and offer data in the placement sheet.",7.073,"{""Programming"",""Data Structures"",""Problem Solving"",""Software Engineering""}","{""Civil Engineering""}",OPEN,FTE_ONLY,,,60000,2026-06-08T16:43:14.644Z,2026-06-08T16:43:14.644Z
30040,Campus Hire - EASA SALEH,20020,"EASA SALEH is hiring for the Campus Hire role through the 2026 campus placement process. This posting is open to Electrical Engineering students with minimum CGPA 7.167. Responsibilities and selection expectations are inferred from the company, role and offer data in the placement sheet.",7.167,"{""Problem Solving"",""Communication"",""Technical Aptitude""}","{""Electrical Engineering""}",OPEN,FTE_ONLY,,,1400000,2026-06-08T16:43:14.644Z,2026-06-08T16:43:14.644Z
30041,GET - EASA SALEH,20020,"EASA SALEH is hiring for the GET role through the 2026 campus placement process. This posting is open to Electronics and Communication Engineering students with minimum CGPA 8.3. Responsibilities and selection expectations are inferred from the company, role and offer data in the placement sheet.",8.3,"{""Engineering Fundamentals"",""Problem Solving"",""Technical Aptitude"",""Communication""}","{""Electronics and Communication Engineering""}",OPEN,FTE_ONLY,,,,2026-06-08T16:43:14.644Z,2026-06-08T16:43:14.644Z
30042,GET - EASA SALEH,20020,"EASA SALEH is hiring for the GET role through the 2026 campus placement process. This posting is open to Mechanical Engineering students with minimum CGPA 6.607. Responsibilities and selection expectations are inferred from the company, role and offer data in the placement sheet.",6.607,"{""Engineering Fundamentals"",""Problem Solving"",""Technical Aptitude"",""Communication""}","{""Mechanical Engineering""}",OPEN,FTE_ONLY,,,1400000,2026-06-08T16:43:14.644Z,2026-06-08T16:43:14.644Z
30043,BDA - Eduveda Academy,20021,"Eduveda Academy is hiring for the BDA role through the 2026 campus placement process. This posting is open to Electrical Engineering, Information Technology students with minimum CGPA 0. Responsibilities and selection expectations are inferred from the company, role and offer data in the placement sheet.",0,"{""Communication"",""Sales"",""Business Development"",""Presentation""}","{""Electrical Engineering"",""Information Technology""}",OPEN,FTE_ONLY,,,650000,2026-06-08T16:43:14.644Z,2026-06-08T16:43:14.644Z
30044,BDA - Eduveda Academy,20021,"Eduveda Academy is hiring for the BDA role through the 2026 campus placement process. This posting is open to Electronics and Communication Engineering students with minimum CGPA 0. Responsibilities and selection expectations are inferred from the company, role and offer data in the placement sheet.",0,"{""Communication"",""Sales"",""Business Development"",""Presentation""}","{""Electronics and Communication Engineering""}",OPEN,FTE_ONLY,,,,2026-06-08T16:43:14.644Z,2026-06-08T16:43:14.644Z
30045,BDA - Eduveda Academy,20021,"Eduveda Academy is hiring for the BDA role through the 2026 campus placement process. This posting is open to Information Technology students with minimum CGPA 0. Responsibilities and selection expectations are inferred from the company, role and offer data in the placement sheet.",0,"{""Communication"",""Sales"",""Business Development"",""Presentation""}","{""Information Technology""}",OPEN,FTE_ONLY,,,650000,2026-06-08T16:43:14.644Z,2026-06-08T16:43:14.644Z
30046,Campus Hire - Eduveda Academy,20021,"Eduveda Academy is hiring for the Campus Hire role through the 2026 campus placement process. This posting is open to Electronics and Communication Engineering students with minimum CGPA 6.55. Responsibilities and selection expectations are inferred from the company, role and offer data in the placement sheet.",6.55,"{""Problem Solving"",""Communication"",""Technical Aptitude""}","{""Electronics and Communication Engineering""}",OPEN,FTE_ONLY,,,,2026-06-08T16:43:14.644Z,2026-06-08T16:43:14.644Z
30047,BDA - EduVersity,20022,"EduVersity is hiring for the BDA role through the 2026 campus placement process. This posting is open to Computer Science and Engineering, Electrical Engineering, Electronics and Communication Engineering, Information Technology, Metallurgical and Materials Engineering students with minimum CGPA 5.823. Responsibilities and selection expectations are inferred from the company, role and offer data in the placement sheet.",5.823,"{""Communication"",""Sales"",""Business Development"",""Presentation""}","{""Computer Science and Engineering"",""Electrical Engineering"",""Electronics and Communication Engineering"",""Information Technology"",""Metallurgical and Materials Engineering""}",OPEN,FTE_ONLY,,,800000,2026-06-08T16:43:14.644Z,2026-06-08T16:43:14.644Z
30048,SDE - ENTNT,20023,"ENTNT is hiring for the SDE role through the 2026 campus placement process. This posting is open to Computer Science and Engineering students with minimum CGPA 8.393. Responsibilities and selection expectations are inferred from the company, role and offer data in the placement sheet.",8.393,"{""Programming"",""Data Structures"",""Problem Solving"",""Software Engineering""}","{""Computer Science and Engineering""}",OPEN,FTE_ONLY,,,755,2026-06-08T16:43:14.644Z,2026-06-08T16:43:14.644Z
30049,Campus Hire - EPACK Prefab,20024,"EPACK Prefab is hiring for the Campus Hire role through the 2026 campus placement process. This posting is open to Civil Engineering students with minimum CGPA 7.687. Responsibilities and selection expectations are inferred from the company, role and offer data in the placement sheet.",7.687,"{""Problem Solving"",""Communication"",""Technical Aptitude""}","{""Civil Engineering""}",OPEN,FTE_ONLY,,,,2026-06-08T16:43:14.644Z,2026-06-08T16:43:14.644Z
30050,GET - EPACK Prefab,20024,"EPACK Prefab is hiring for the GET role through the 2026 campus placement process. This posting is open to Civil Engineering students with minimum CGPA 6.42. Responsibilities and selection expectations are inferred from the company, role and offer data in the placement sheet.",6.42,"{""Engineering Fundamentals"",""Problem Solving"",""Technical Aptitude"",""Communication""}","{""Civil Engineering""}",OPEN,FTE_ONLY,,,1000000,2026-06-08T16:43:14.644Z,2026-06-08T16:43:14.644Z
30051,GET - EPACK Prefab,20024,"EPACK Prefab is hiring for the GET role through the 2026 campus placement process. This posting is open to Mechanical Engineering students with minimum CGPA 6.167. Responsibilities and selection expectations are inferred from the company, role and offer data in the placement sheet.",6.167,"{""Engineering Fundamentals"",""Problem Solving"",""Technical Aptitude"",""Communication""}","{""Mechanical Engineering""}",OPEN,FTE_ONLY,,,700000,2026-06-08T16:43:14.644Z,2026-06-08T16:43:14.644Z
30052,SDE - EPAM Systems,20025,"EPAM Systems is hiring for the SDE role through the 2026 campus placement process. This posting is open to Information Technology students with minimum CGPA 8.4. Responsibilities and selection expectations are inferred from the company, role and offer data in the placement sheet.",8.4,"{""Programming"",""Data Structures"",""Problem Solving"",""Software Engineering""}","{""Information Technology""}",OPEN,FTE_ONLY,,,848000,2026-06-08T16:43:14.644Z,2026-06-08T16:43:14.644Z
30053,BDA - Gladify Edutech,20026,"Gladify Edutech is hiring for the BDA role through the 2026 campus placement process. This posting is open to Civil Engineering, Mechanical Engineering students with minimum CGPA 7.6. Responsibilities and selection expectations are inferred from the company, role and offer data in the placement sheet.",7.6,"{""Communication"",""Sales"",""Business Development"",""Presentation""}","{""Civil Engineering"",""Mechanical Engineering""}",OPEN,FTE_ONLY,,,600000,2026-06-08T16:43:14.644Z,2026-06-08T16:43:14.644Z
30054,BDA - Gladify Edutech,20026,"Gladify Edutech is hiring for the BDA role through the 2026 campus placement process. This posting is open to Civil Engineering students with minimum CGPA 5.52. Responsibilities and selection expectations are inferred from the company, role and offer data in the placement sheet.",5.52,"{""Communication"",""Sales"",""Business Development"",""Presentation""}","{""Civil Engineering""}",OPEN,FTE_ONLY,,,600000,2026-06-08T16:43:14.644Z,2026-06-08T16:43:14.644Z
30055,SDE - GlobalLogic,20027,"GlobalLogic is hiring for the SDE role through the 2026 campus placement process. This posting is open to Information Technology students with minimum CGPA 8.592. Responsibilities and selection expectations are inferred from the company, role and offer data in the placement sheet.",8.592,"{""Programming"",""Data Structures"",""Problem Solving"",""Software Engineering""}","{""Information Technology""}",OPEN,FTE_ONLY,,,750000,2026-06-08T16:43:14.644Z,2026-06-08T16:43:14.644Z
30056,BDA - Grow Your Skills LLP,20028,"Grow Your Skills LLP is hiring for the BDA role through the 2026 campus placement process. This posting is open to Civil Engineering students with minimum CGPA 6.34. Responsibilities and selection expectations are inferred from the company, role and offer data in the placement sheet.",6.34,"{""Communication"",""Sales"",""Business Development"",""Presentation""}","{""Civil Engineering""}",OPEN,FTE_ONLY,,,570000,2026-06-08T16:43:14.644Z,2026-06-08T16:43:14.644Z
30057,Campus Hire - Grow Your Skills LLP,20028,"Grow Your Skills LLP is hiring for the Campus Hire role through the 2026 campus placement process. This posting is open to Metallurgical and Materials Engineering students with minimum CGPA 0. Responsibilities and selection expectations are inferred from the company, role and offer data in the placement sheet.",0,"{""Problem Solving"",""Communication"",""Technical Aptitude""}","{""Metallurgical and Materials Engineering""}",OPEN,FTE_ONLY,,,570000,2026-06-08T16:43:14.644Z,2026-06-08T16:43:14.644Z
30058,Campus Hire - HCL Tech,20029,"HCL Tech is hiring for the Campus Hire role through the 2026 campus placement process. This posting is open to Information Technology students with minimum CGPA 8.095. Responsibilities and selection expectations are inferred from the company, role and offer data in the placement sheet.",8.095,"{""Problem Solving"",""Communication"",""Technical Aptitude""}","{""Information Technology""}",OPEN,FTE_ONLY,,,1200000,2026-06-08T16:43:14.644Z,2026-06-08T16:43:14.644Z
30059,Campus Hire - HCL Tech,20029,"HCL Tech is hiring for the Campus Hire role through the 2026 campus placement process. This posting is open to Information Technology students with minimum CGPA 9.034. Responsibilities and selection expectations are inferred from the company, role and offer data in the placement sheet.",9.034,"{""Problem Solving"",""Communication"",""Technical Aptitude""}","{""Information Technology""}",OPEN,FTE_ONLY,,,1200000,2026-06-08T16:43:14.644Z,2026-06-08T16:43:14.644Z
30060,SDE - HCL Tech,20029,"HCL Tech is hiring for the SDE role through the 2026 campus placement process. This posting is open to Computer Science and Engineering students with minimum CGPA 7.033. Responsibilities and selection expectations are inferred from the company, role and offer data in the placement sheet.",7.033,"{""Programming"",""Data Structures"",""Problem Solving"",""Software Engineering""}","{""Computer Science and Engineering""}",OPEN,FTE_ONLY,,,1200000,2026-06-08T16:43:14.644Z,2026-06-08T16:43:14.644Z
30061,GeT - Hero Steels,20030,"Hero Steels is hiring for the GeT role through the 2026 campus placement process. This posting is open to Metallurgical and Materials Engineering students with minimum CGPA 7.373. Responsibilities and selection expectations are inferred from the company, role and offer data in the placement sheet.",7.373,"{""Engineering Fundamentals"",""Problem Solving"",""Technical Aptitude"",""Communication""}","{""Metallurgical and Materials Engineering""}",OPEN,FTE_ONLY,,,700000,2026-06-08T16:43:14.644Z,2026-06-08T16:43:14.644Z
30062,GET - Hero Steels,20030,"Hero Steels is hiring for the GET role through the 2026 campus placement process. This posting is open to Mechanical Engineering students with minimum CGPA 6.893. Responsibilities and selection expectations are inferred from the company, role and offer data in the placement sheet.",6.893,"{""Engineering Fundamentals"",""Problem Solving"",""Technical Aptitude"",""Communication""}","{""Mechanical Engineering""}",OPEN,FTE_ONLY,,,600000,2026-06-08T16:43:14.644Z,2026-06-08T16:43:14.644Z
30063,SDE - Hitachi GlobalLogic,20031,"Hitachi GlobalLogic is hiring for the SDE role through the 2026 campus placement process. This posting is open to Computer Science and Engineering students with minimum CGPA 7.5. Responsibilities and selection expectations are inferred from the company, role and offer data in the placement sheet.",7.5,"{""Programming"",""Data Structures"",""Problem Solving"",""Software Engineering""}","{""Computer Science and Engineering""}",OPEN,FTE_ONLY,,,750000,2026-06-08T16:43:14.644Z,2026-06-08T16:43:14.644Z
30064,E-2 - HPCL,20032,"HPCL is hiring for the E-2 role through the 2026 campus placement process. This posting is open to Mechanical Engineering students with minimum CGPA 8.033. Responsibilities and selection expectations are inferred from the company, role and offer data in the placement sheet.",8.033,"{""Engineering Fundamentals"",""Problem Solving"",""Technical Aptitude"",""Communication""}","{""Mechanical Engineering""}",OPEN,FTE_ONLY,,,1800000,2026-06-08T16:43:14.644Z,2026-06-08T16:43:14.644Z
30065,OFFICER E01 - HPCL,20032,"HPCL is hiring for the OFFICER E01 role through the 2026 campus placement process. This posting is open to Civil Engineering students with minimum CGPA 8.98. Responsibilities and selection expectations are inferred from the company, role and offer data in the placement sheet.",8.98,"{""Engineering Fundamentals"",""Problem Solving"",""Technical Aptitude"",""Communication""}","{""Civil Engineering""}",OPEN,FTE_ONLY,,,1850000,2026-06-08T16:43:14.644Z,2026-06-08T16:43:14.644Z
30066,SDE - HSBC,20033,"HSBC is hiring for the SDE role through the 2026 campus placement process. This posting is open to Computer Science and Engineering, Information Technology students with minimum CGPA 7.52. Responsibilities and selection expectations are inferred from the company, role and offer data in the placement sheet.",7.52,"{""Programming"",""Data Structures"",""Problem Solving"",""Software Engineering""}","{""Computer Science and Engineering"",""Information Technology""}",OPEN,FTE_ONLY,,,1503000,2026-06-08T16:43:14.644Z,2026-06-08T16:43:14.644Z
30067,GET - Hyundai,20035,"Hyundai is hiring for the GET role through the 2026 campus placement process. This posting is open to Electronics and Communication Engineering students with minimum CGPA 7.94. Responsibilities and selection expectations are inferred from the company, role and offer data in the placement sheet.",7.94,"{""Engineering Fundamentals"",""Problem Solving"",""Technical Aptitude"",""Communication""}","{""Electronics and Communication Engineering""}",OPEN,INTERN_PPO,,,900000,2026-06-08T16:43:14.644Z,2026-06-08T16:43:14.644Z
30068,GET - Hyundai,20035,"Hyundai is hiring for the GET role through the 2026 campus placement process. This posting is open to Mechanical Engineering students with minimum CGPA 7.473. Responsibilities and selection expectations are inferred from the company, role and offer data in the placement sheet.",7.473,"{""Engineering Fundamentals"",""Problem Solving"",""Technical Aptitude"",""Communication""}","{""Mechanical Engineering""}",OPEN,FTE_ONLY,,,1000000,2026-06-08T16:43:14.644Z,2026-06-08T16:43:14.644Z
30069,GET - Hyundai,20035,"Hyundai is hiring for the GET role through the 2026 campus placement process. This posting is open to Mechanical Engineering students with minimum CGPA 8.64. Responsibilities and selection expectations are inferred from the company, role and offer data in the placement sheet.",8.64,"{""Engineering Fundamentals"",""Problem Solving"",""Technical Aptitude"",""Communication""}","{""Mechanical Engineering""}",OPEN,FTE_ONLY,,,1000000,2026-06-08T16:43:14.644Z,2026-06-08T16:43:14.644Z
30070,SDE - IBM,20036,"IBM is hiring for the SDE role through the 2026 campus placement process. This posting is open to Computer Science and Engineering students with minimum CGPA 7.587. Responsibilities and selection expectations are inferred from the company, role and offer data in the placement sheet.",7.587,"{""Programming"",""Data Structures"",""Problem Solving"",""Software Engineering""}","{""Computer Science and Engineering""}",OPEN,FTE_ONLY,,,1300000,2026-06-08T16:43:14.644Z,2026-06-08T16:43:14.644Z
30071,SDE - IBM,20036,"IBM is hiring for the SDE role through the 2026 campus placement process. This posting is open to Information Technology students with minimum CGPA 8.71. Responsibilities and selection expectations are inferred from the company, role and offer data in the placement sheet.",8.71,"{""Programming"",""Data Structures"",""Problem Solving"",""Software Engineering""}","{""Information Technology""}",OPEN,FTE_ONLY,,,1100000,2026-06-08T16:43:14.644Z,2026-06-08T16:43:14.644Z
30072,Campus Hire - ICICI Bank,20037,"ICICI Bank is hiring for the Campus Hire role through the 2026 campus placement process. This posting is open to Electronics and Communication Engineering students with minimum CGPA 8.927. Responsibilities and selection expectations are inferred from the company, role and offer data in the placement sheet.",8.927,"{""Problem Solving"",""Communication"",""Technical Aptitude""}","{""Electronics and Communication Engineering""}",OPEN,FTE_ONLY,,,,2026-06-08T16:43:14.644Z,2026-06-08T16:43:14.644Z
30073,Deputy Manager - 2 - ICICI Bank,20037,"ICICI Bank is hiring for the Deputy Manager - 2 role through the 2026 campus placement process. This posting is open to Civil Engineering students with minimum CGPA 7.52. Responsibilities and selection expectations are inferred from the company, role and offer data in the placement sheet.",7.52,"{""Problem Solving"",""Communication"",""Technical Aptitude""}","{""Civil Engineering""}",OPEN,FTE_ONLY,,,1200000,2026-06-08T16:43:14.644Z,2026-06-08T16:43:14.644Z
30074,DM - ICICI Bank,20037,"ICICI Bank is hiring for the DM role through the 2026 campus placement process. This posting is open to Electronics and Communication Engineering students with minimum CGPA 8.44. Responsibilities and selection expectations are inferred from the company, role and offer data in the placement sheet.",8.44,"{""Problem Solving"",""Communication"",""Technical Aptitude""}","{""Electronics and Communication Engineering""}",OPEN,FTE_ONLY,,,1200000,2026-06-08T16:43:14.644Z,2026-06-08T16:43:14.644Z
30075,DM - ICICI Bank,20037,"ICICI Bank is hiring for the DM role through the 2026 campus placement process. This posting is open to Electronics and Communication Engineering students with minimum CGPA 8.287. Responsibilities and selection expectations are inferred from the company, role and offer data in the placement sheet.",8.287,"{""Problem Solving"",""Communication"",""Technical Aptitude""}","{""Electronics and Communication Engineering""}",OPEN,FTE_ONLY,,,1200000,2026-06-08T16:43:14.644Z,2026-06-08T16:43:14.644Z
30076,DM-2 - ICICI Bank,20037,"ICICI Bank is hiring for the DM-2 role through the 2026 campus placement process. This posting is open to Information Technology students with minimum CGPA 8.265. Responsibilities and selection expectations are inferred from the company, role and offer data in the placement sheet.",8.265,"{""Communication"",""Sales"",""Business Development"",""Presentation""}","{""Information Technology""}",OPEN,FTE_ONLY,,,,2026-06-08T16:43:14.644Z,2026-06-08T16:43:14.644Z
30077,DM-2 - ICICI Bank,20037,"ICICI Bank is hiring for the DM-2 role through the 2026 campus placement process. This posting is open to Information Technology students with minimum CGPA 8.415. Responsibilities and selection expectations are inferred from the company, role and offer data in the placement sheet.",8.415,"{""Communication"",""Sales"",""Business Development"",""Presentation""}","{""Information Technology""}",OPEN,FTE_ONLY,,,1200000,2026-06-08T16:43:14.644Z,2026-06-08T16:43:14.644Z
30078,DM-2 - ICICI Bank,20037,"ICICI Bank is hiring for the DM-2 role through the 2026 campus placement process. This posting is open to Information Technology, Mechanical Engineering students with minimum CGPA 8.093. Responsibilities and selection expectations are inferred from the company, role and offer data in the placement sheet.",8.093,"{""Communication"",""Sales"",""Business Development"",""Presentation""}","{""Information Technology"",""Mechanical Engineering""}",OPEN,FTE_ONLY,,,1200000,2026-06-08T16:43:14.644Z,2026-06-08T16:43:14.644Z
30079,Campus Hire - Impact Analytics,20038,"Impact Analytics is hiring for the Campus Hire role through the 2026 campus placement process. This posting is open to Information Technology students with minimum CGPA 7.463. Responsibilities and selection expectations are inferred from the company, role and offer data in the placement sheet.",7.463,"{""Data Analysis"",""SQL"",""Problem Solving"",""Excel""}","{""Information Technology""}",OPEN,FTE_ONLY,,,1300000,2026-06-08T16:43:14.644Z,2026-06-08T16:43:14.644Z
30080,SDE - Increff,20039,"Increff is hiring for the SDE role through the 2026 campus placement process. This posting is open to Computer Science and Engineering students with minimum CGPA 9.02. Responsibilities and selection expectations are inferred from the company, role and offer data in the placement sheet.",9.02,"{""Programming"",""Data Structures"",""Problem Solving"",""Software Engineering""}","{""Computer Science and Engineering""}",OPEN,FTE_ONLY,,,2006000,2026-06-08T16:43:14.644Z,2026-06-08T16:43:14.644Z
30081,SDE Intern - Infineon,20040,"Infineon is hiring for the SDE Intern role through the 2026 campus placement process. This posting is open to Information Technology students with minimum CGPA 9.014. Responsibilities and selection expectations are inferred from the company, role and offer data in the placement sheet.",9.014,"{""Programming"",""Data Structures"",""Problem Solving"",""Software Engineering""}","{""Information Technology""}",OPEN,FTE_ONLY,,,1000000,2026-06-08T16:43:14.644Z,2026-06-08T16:43:14.644Z
30082,Campus Hire - Infosys,20041,"Infosys is hiring for the Campus Hire role through the 2026 campus placement process. This posting is open to Computer Science and Engineering students with minimum CGPA 8.167. Responsibilities and selection expectations are inferred from the company, role and offer data in the placement sheet.",8.167,"{""Problem Solving"",""Communication"",""Technical Aptitude""}","{""Computer Science and Engineering""}",OPEN,FTE_ONLY,,,,2026-06-08T16:43:14.644Z,2026-06-08T16:43:14.644Z
30083,DSE - Infosys,20041,"Infosys is hiring for the DSE role through the 2026 campus placement process. This posting is open to Computer Science and Engineering, Information Technology students with minimum CGPA 7.78. Responsibilities and selection expectations are inferred from the company, role and offer data in the placement sheet.",7.78,"{""Problem Solving"",""Communication"",""Technical Aptitude""}","{""Computer Science and Engineering"",""Information Technology""}",OPEN,FTE_ONLY,,,625000,2026-06-08T16:43:14.644Z,2026-06-08T16:43:14.644Z
30084,L1 - Infosys,20041,"Infosys is hiring for the L1 role through the 2026 campus placement process. This posting is open to Computer Science and Engineering students with minimum CGPA 6.273. Responsibilities and selection expectations are inferred from the company, role and offer data in the placement sheet.",6.273,"{""Problem Solving"",""Communication"",""Technical Aptitude""}","{""Computer Science and Engineering""}",OPEN,FTE_ONLY,,,1000000,2026-06-08T16:43:14.644Z,2026-06-08T16:43:14.644Z
30085,L1 - Infosys,20041,"Infosys is hiring for the L1 role through the 2026 campus placement process. This posting is open to Electronics and Communication Engineering students with minimum CGPA 7.78. Responsibilities and selection expectations are inferred from the company, role and offer data in the placement sheet.",7.78,"{""Problem Solving"",""Communication"",""Technical Aptitude""}","{""Electronics and Communication Engineering""}",OPEN,FTE_ONLY,,,,2026-06-08T16:43:14.644Z,2026-06-08T16:43:14.644Z
30086,Specialist Programmer - Infosys,20041,"Infosys is hiring for the Specialist Programmer role through the 2026 campus placement process. This posting is open to Information Technology students with minimum CGPA 6.81. Responsibilities and selection expectations are inferred from the company, role and offer data in the placement sheet.",6.81,"{""Programming"",""Data Structures"",""Problem Solving"",""Software Engineering""}","{""Information Technology""}",OPEN,FTE_ONLY,,,1100000,2026-06-08T16:43:14.644Z,2026-06-08T16:43:14.644Z
30087,Campus Hire - Jade Global,20042,"Jade Global is hiring for the Campus Hire role through the 2026 campus placement process. This posting is open to Information Technology students with minimum CGPA 7.435. Responsibilities and selection expectations are inferred from the company, role and offer data in the placement sheet.",7.435,"{""Problem Solving"",""Communication"",""Technical Aptitude""}","{""Information Technology""}",OPEN,FTE_ONLY,,,1000000,2026-06-08T16:43:14.644Z,2026-06-08T16:43:14.644Z
30088,Campus Hire - Jade Global,20042,"Jade Global is hiring for the Campus Hire role through the 2026 campus placement process. This posting is open to Information Technology students with minimum CGPA 7.435. Responsibilities and selection expectations are inferred from the company, role and offer data in the placement sheet.",7.435,"{""Problem Solving"",""Communication"",""Technical Aptitude""}","{""Information Technology""}",OPEN,FTE_ONLY,,,1000000,2026-06-08T16:43:14.644Z,2026-06-08T16:43:14.644Z
30089,Software engineer - Jade Global,20042,"Jade Global is hiring for the Software engineer role through the 2026 campus placement process. This posting is open to Electrical Engineering students with minimum CGPA 0. Responsibilities and selection expectations are inferred from the company, role and offer data in the placement sheet.",0,"{""Programming"",""Data Structures"",""Problem Solving"",""Software Engineering""}","{""Electrical Engineering""}",OPEN,FTE_ONLY,,,1000000,2026-06-08T16:43:14.644Z,2026-06-08T16:43:14.644Z
30090,Campus Hire - JINDAL STEEL,20043,"JINDAL STEEL is hiring for the Campus Hire role through the 2026 campus placement process. This posting is open to Mechanical Engineering students with minimum CGPA 7.473. Responsibilities and selection expectations are inferred from the company, role and offer data in the placement sheet.",7.473,"{""Problem Solving"",""Communication"",""Technical Aptitude""}","{""Mechanical Engineering""}",OPEN,FTE_ONLY,,,,2026-06-08T16:43:14.644Z,2026-06-08T16:43:14.644Z
30091,GET - JSL,20044,"JSL is hiring for the GET role through the 2026 campus placement process. This posting is open to Mechanical Engineering students with minimum CGPA 6.873. Responsibilities and selection expectations are inferred from the company, role and offer data in the placement sheet.",6.873,"{""Engineering Fundamentals"",""Problem Solving"",""Technical Aptitude"",""Communication""}","{""Mechanical Engineering""}",OPEN,FTE_ONLY,,,1200000,2026-06-08T16:43:14.644Z,2026-06-08T16:43:14.644Z
30092,GET - JSPL,20045,"JSPL is hiring for the GET role through the 2026 campus placement process. This posting is open to Metallurgical and Materials Engineering students with minimum CGPA 7.16. Responsibilities and selection expectations are inferred from the company, role and offer data in the placement sheet.",7.16,"{""Engineering Fundamentals"",""Problem Solving"",""Technical Aptitude"",""Communication""}","{""Metallurgical and Materials Engineering""}",OPEN,FTE_ONLY,,,1000000,2026-06-08T16:43:14.644Z,2026-06-08T16:43:14.644Z
30093,GeT - JSW,20046,"JSW is hiring for the GeT role through the 2026 campus placement process. This posting is open to Metallurgical and Materials Engineering students with minimum CGPA 6.76. Responsibilities and selection expectations are inferred from the company, role and offer data in the placement sheet.",6.76,"{""Engineering Fundamentals"",""Problem Solving"",""Technical Aptitude"",""Communication""}","{""Metallurgical and Materials Engineering""}",OPEN,FTE_ONLY,,,800000,2026-06-08T16:43:14.644Z,2026-06-08T16:43:14.644Z
30094,Campus Hire - Jubilant Ingrevia,20047,"Jubilant Ingrevia is hiring for the Campus Hire role through the 2026 campus placement process. This posting is open to Mechanical Engineering students with minimum CGPA 7.6. Responsibilities and selection expectations are inferred from the company, role and offer data in the placement sheet.",7.6,"{""Problem Solving"",""Communication"",""Technical Aptitude""}","{""Mechanical Engineering""}",OPEN,FTE_ONLY,,,850000,2026-06-08T16:43:14.644Z,2026-06-08T16:43:14.644Z
30095,BDA - Jyesta,20048,"Jyesta is hiring for the BDA role through the 2026 campus placement process. This posting is open to Civil Engineering, Computer Science and Engineering students with minimum CGPA 6.147. Responsibilities and selection expectations are inferred from the company, role and offer data in the placement sheet.",6.147,"{""Communication"",""Sales"",""Business Development"",""Presentation""}","{""Civil Engineering"",""Computer Science and Engineering""}",OPEN,FTE_ONLY,,,600000,2026-06-08T16:43:14.644Z,2026-06-08T16:43:14.644Z
30096,BDA - Jyesta,20048,"Jyesta is hiring for the BDA role through the 2026 campus placement process. This posting is open to Information Technology students with minimum CGPA 0. Responsibilities and selection expectations are inferred from the company, role and offer data in the placement sheet.",0,"{""Communication"",""Sales"",""Business Development"",""Presentation""}","{""Information Technology""}",OPEN,FTE_ONLY,,,900000,2026-06-08T16:43:14.644Z,2026-06-08T16:43:14.644Z
30097,BDA - Jyesta,20048,"Jyesta is hiring for the BDA role through the 2026 campus placement process. This posting is open to Metallurgical and Materials Engineering students with minimum CGPA 0. Responsibilities and selection expectations are inferred from the company, role and offer data in the placement sheet.",0,"{""Communication"",""Sales"",""Business Development"",""Presentation""}","{""Metallurgical and Materials Engineering""}",OPEN,FTE_ONLY,,,900000,2026-06-08T16:43:14.644Z,2026-06-08T16:43:14.644Z
30098,Campus Hire - Jyesta,20048,"Jyesta is hiring for the Campus Hire role through the 2026 campus placement process. This posting is open to Electrical Engineering students with minimum CGPA 0. Responsibilities and selection expectations are inferred from the company, role and offer data in the placement sheet.",0,"{""Problem Solving"",""Communication"",""Technical Aptitude""}","{""Electrical Engineering""}",OPEN,FTE_ONLY,,,45847,2026-06-08T16:43:14.644Z,2026-06-08T16:43:14.644Z
30099,SDE - Kickdrum,20049,"Kickdrum is hiring for the SDE role through the 2026 campus placement process. This posting is open to Computer Science and Engineering students with minimum CGPA 8.42. Responsibilities and selection expectations are inferred from the company, role and offer data in the placement sheet.",8.42,"{""Programming"",""Data Structures"",""Problem Solving"",""Software Engineering""}","{""Computer Science and Engineering""}",OPEN,FTE_ONLY,,,1500000,2026-06-08T16:43:14.644Z,2026-06-08T16:43:14.644Z
30100,Campus Hire - L&T,20050,"L&T is hiring for the Campus Hire role through the 2026 campus placement process. This posting is open to Mechanical Engineering students with minimum CGPA 8.007. Responsibilities and selection expectations are inferred from the company, role and offer data in the placement sheet.",8.007,"{""Problem Solving"",""Communication"",""Technical Aptitude""}","{""Mechanical Engineering""}",OPEN,FTE_ONLY,,,650000,2026-06-08T16:43:14.644Z,2026-06-08T16:43:14.644Z
30101,GET - L&T,20050,"L&T is hiring for the GET role through the 2026 campus placement process. This posting is open to Civil Engineering students with minimum CGPA 6.73. Responsibilities and selection expectations are inferred from the company, role and offer data in the placement sheet.",6.73,"{""Engineering Fundamentals"",""Problem Solving"",""Technical Aptitude"",""Communication""}","{""Civil Engineering""}",OPEN,FTE_ONLY,,,655000,2026-06-08T16:43:14.644Z,2026-06-08T16:43:14.644Z
30102,GET - L&T,20050,"L&T is hiring for the GET role through the 2026 campus placement process. This posting is open to Electrical Engineering, Metallurgical and Materials Engineering students with minimum CGPA 7.46. Responsibilities and selection expectations are inferred from the company, role and offer data in the placement sheet.",7.46,"{""Engineering Fundamentals"",""Problem Solving"",""Technical Aptitude"",""Communication""}","{""Electrical Engineering"",""Metallurgical and Materials Engineering""}",OPEN,FTE_ONLY,,,600000,2026-06-08T16:43:14.644Z,2026-06-08T16:43:14.644Z
30103,GET - L&T,20050,"L&T is hiring for the GET role through the 2026 campus placement process. This posting is open to Computer Science and Engineering students with minimum CGPA 7.796. Responsibilities and selection expectations are inferred from the company, role and offer data in the placement sheet.",7.796,"{""Engineering Fundamentals"",""Problem Solving"",""Technical Aptitude"",""Communication""}","{""Computer Science and Engineering""}",OPEN,FTE_ONLY,,,600000,2026-06-08T16:43:14.644Z,2026-06-08T16:43:14.644Z
30104,GET - L&T,20050,"L&T is hiring for the GET role through the 2026 campus placement process. This posting is open to Electronics and Communication Engineering students with minimum CGPA 7.887. Responsibilities and selection expectations are inferred from the company, role and offer data in the placement sheet.",7.887,"{""Engineering Fundamentals"",""Problem Solving"",""Technical Aptitude"",""Communication""}","{""Electronics and Communication Engineering""}",OPEN,FTE_ONLY,,,,2026-06-08T16:43:14.644Z,2026-06-08T16:43:14.644Z
30105,GET - L&T,20050,"L&T is hiring for the GET role through the 2026 campus placement process. This posting is open to Mechanical Engineering students with minimum CGPA 6.613. Responsibilities and selection expectations are inferred from the company, role and offer data in the placement sheet.",6.613,"{""Engineering Fundamentals"",""Problem Solving"",""Technical Aptitude"",""Communication""}","{""Mechanical Engineering""}",OPEN,FTE_ONLY,,,650000,2026-06-08T16:43:14.644Z,2026-06-08T16:43:14.644Z
30106,Campus Hire - LAW SIKHO,20051,"LAW SIKHO is hiring for the Campus Hire role through the 2026 campus placement process. This posting is open to Metallurgical and Materials Engineering students with minimum CGPA 0. Responsibilities and selection expectations are inferred from the company, role and offer data in the placement sheet.",0,"{""Problem Solving"",""Communication"",""Technical Aptitude""}","{""Metallurgical and Materials Engineering""}",OPEN,FTE_ONLY,,,,2026-06-08T16:43:14.644Z,2026-06-08T16:43:14.644Z
30107,Counselling Trainee - LAW SIKHO & SKILL ARBITRAGE,20052,"LAW SIKHO & SKILL ARBITRAGE is hiring for the Counselling Trainee role through the 2026 campus placement process. This posting is open to Civil Engineering students with minimum CGPA 7.18. Responsibilities and selection expectations are inferred from the company, role and offer data in the placement sheet.",7.18,"{""Problem Solving"",""Communication"",""Technical Aptitude""}","{""Civil Engineering""}",OPEN,FTE_ONLY,,,780000,2026-06-08T16:43:14.644Z,2026-06-08T16:43:14.644Z
30108,GET - Lloyds,20053,"Lloyds is hiring for the GET role through the 2026 campus placement process. This posting is open to Mechanical Engineering students with minimum CGPA 6.653. Responsibilities and selection expectations are inferred from the company, role and offer data in the placement sheet.",6.653,"{""Engineering Fundamentals"",""Problem Solving"",""Technical Aptitude"",""Communication""}","{""Mechanical Engineering""}",OPEN,FTE_ONLY,,,600000,2026-06-08T16:43:14.644Z,2026-06-08T16:43:14.644Z
30109,GET - Lloyds Consulting,20054,"Lloyds Consulting is hiring for the GET role through the 2026 campus placement process. This posting is open to Civil Engineering students with minimum CGPA 7.527. Responsibilities and selection expectations are inferred from the company, role and offer data in the placement sheet.",7.527,"{""Engineering Fundamentals"",""Problem Solving"",""Technical Aptitude"",""Communication""}","{""Civil Engineering""}",OPEN,FTE_ONLY,,,600000,2026-06-08T16:43:14.644Z,2026-06-08T16:43:14.644Z
30110,GET - Mahindra AFS,20055,"Mahindra AFS is hiring for the GET role through the 2026 campus placement process. This posting is open to Electrical Engineering students with minimum CGPA 6.607. Responsibilities and selection expectations are inferred from the company, role and offer data in the placement sheet.",6.607,"{""Engineering Fundamentals"",""Problem Solving"",""Technical Aptitude"",""Communication""}","{""Electrical Engineering""}",OPEN,FTE_ONLY,,,,2026-06-08T16:43:14.644Z,2026-06-08T16:43:14.644Z
30111,GET - Mahindra AFS,20055,"Mahindra AFS is hiring for the GET role through the 2026 campus placement process. This posting is open to Mechanical Engineering students with minimum CGPA 7.133. Responsibilities and selection expectations are inferred from the company, role and offer data in the placement sheet.",7.133,"{""Engineering Fundamentals"",""Problem Solving"",""Technical Aptitude"",""Communication""}","{""Mechanical Engineering""}",OPEN,FTE_ONLY,,,800000,2026-06-08T16:43:14.644Z,2026-06-08T16:43:14.644Z
30112,SDE - MakeMyTrip,20056,"MakeMyTrip is hiring for the SDE role through the 2026 campus placement process. This posting is open to Computer Science and Engineering students with minimum CGPA 9.4. Responsibilities and selection expectations are inferred from the company, role and offer data in the placement sheet.",9.4,"{""Programming"",""Data Structures"",""Problem Solving"",""Software Engineering""}","{""Computer Science and Engineering""}",OPEN,FTE_ONLY,,,2200000,2026-06-08T16:43:14.644Z,2026-06-08T16:43:14.644Z
30113,Campus Hire - Matter Motors,20057,"Matter Motors is hiring for the Campus Hire role through the 2026 campus placement process. This posting is open to Electrical Engineering students with minimum CGPA 6.76. Responsibilities and selection expectations are inferred from the company, role and offer data in the placement sheet.",6.76,"{""Problem Solving"",""Communication"",""Technical Aptitude""}","{""Electrical Engineering""}",OPEN,FTE_ONLY,,,700000,2026-06-08T16:43:14.644Z,2026-06-08T16:43:14.644Z
30114,Campus Hire - Matter Motors,20057,"Matter Motors is hiring for the Campus Hire role through the 2026 campus placement process. This posting is open to Electronics and Communication Engineering students with minimum CGPA 8.333. Responsibilities and selection expectations are inferred from the company, role and offer data in the placement sheet.",8.333,"{""Problem Solving"",""Communication"",""Technical Aptitude""}","{""Electronics and Communication Engineering""}",OPEN,FTE_ONLY,,,,2026-06-08T16:43:14.644Z,2026-06-08T16:43:14.644Z
30115,sde - Matter Motors,20057,"Matter Motors is hiring for the sde role through the 2026 campus placement process. This posting is open to Electronics and Communication Engineering students with minimum CGPA 9.427. Responsibilities and selection expectations are inferred from the company, role and offer data in the placement sheet.",9.427,"{""Programming"",""Data Structures"",""Problem Solving"",""Software Engineering""}","{""Electronics and Communication Engineering""}",OPEN,INTERN_FTE,,,700000,2026-06-08T16:43:14.644Z,2026-06-08T16:43:14.644Z
30116,Campus Hire - Mindseekers,20058,"Mindseekers is hiring for the Campus Hire role through the 2026 campus placement process. This posting is open to Computer Science and Engineering students with minimum CGPA 6.307. Responsibilities and selection expectations are inferred from the company, role and offer data in the placement sheet.",6.307,"{""Problem Solving"",""Communication"",""Technical Aptitude""}","{""Computer Science and Engineering""}",OPEN,FTE_ONLY,,,600000,2026-06-08T16:43:14.644Z,2026-06-08T16:43:14.644Z
30117,Campus Hire - Morphle Labs,20059,"Morphle Labs is hiring for the Campus Hire role through the 2026 campus placement process. This posting is open to Electrical Engineering students with minimum CGPA 7.027. Responsibilities and selection expectations are inferred from the company, role and offer data in the placement sheet.",7.027,"{""Problem Solving"",""Communication"",""Technical Aptitude""}","{""Electrical Engineering""}",OPEN,FTE_ONLY,,,1000000,2026-06-08T16:43:14.644Z,2026-06-08T16:43:14.644Z
30118,Design Engineer - Morphle Labs,20059,"Morphle Labs is hiring for the Design Engineer role through the 2026 campus placement process. This posting is open to Mechanical Engineering students with minimum CGPA 7.68. Responsibilities and selection expectations are inferred from the company, role and offer data in the placement sheet.",7.68,"{""Programming"",""Data Structures"",""Problem Solving"",""Software Engineering""}","{""Mechanical Engineering""}",OPEN,FTE_ONLY,,,,2026-06-08T16:43:14.644Z,2026-06-08T16:43:14.644Z
30119,BDA - Movidu,20060,"Movidu is hiring for the BDA role through the 2026 campus placement process. This posting is open to Civil Engineering students with minimum CGPA 6.247. Responsibilities and selection expectations are inferred from the company, role and offer data in the placement sheet.",6.247,"{""Communication"",""Sales"",""Business Development"",""Presentation""}","{""Civil Engineering""}",OPEN,FTE_ONLY,,,900000,2026-06-08T16:43:14.644Z,2026-06-08T16:43:14.644Z
30120,BDA - Movidu,20060,"Movidu is hiring for the BDA role through the 2026 campus placement process. This posting is open to Electrical Engineering students with minimum CGPA 6.673. Responsibilities and selection expectations are inferred from the company, role and offer data in the placement sheet.",6.673,"{""Communication"",""Sales"",""Business Development"",""Presentation""}","{""Electrical Engineering""}",OPEN,FTE_ONLY,,,900000,2026-06-08T16:43:14.644Z,2026-06-08T16:43:14.644Z
30121,BDA - Movidu,20060,"Movidu is hiring for the BDA role through the 2026 campus placement process. This posting is open to Information Technology students with minimum CGPA 0. Responsibilities and selection expectations are inferred from the company, role and offer data in the placement sheet.",0,"{""Communication"",""Sales"",""Business Development"",""Presentation""}","{""Information Technology""}",OPEN,FTE_ONLY,,,600000,2026-06-08T16:43:14.644Z,2026-06-08T16:43:14.644Z
30122,BDA - Movidu,20060,"Movidu is hiring for the BDA role through the 2026 campus placement process. This posting is open to Mechanical Engineering students with minimum CGPA 6.1. Responsibilities and selection expectations are inferred from the company, role and offer data in the placement sheet.",6.1,"{""Communication"",""Sales"",""Business Development"",""Presentation""}","{""Mechanical Engineering""}",OPEN,FTE_ONLY,,,600000,2026-06-08T16:43:14.644Z,2026-06-08T16:43:14.644Z
30123,Campus Hire - Mu sigma,20061,"Mu sigma is hiring for the Campus Hire role through the 2026 campus placement process. This posting is open to Electronics and Communication Engineering students with minimum CGPA 7.887. Responsibilities and selection expectations are inferred from the company, role and offer data in the placement sheet.",7.887,"{""Problem Solving"",""Communication"",""Technical Aptitude""}","{""Electronics and Communication Engineering""}",OPEN,FTE_ONLY,,,,2026-06-08T16:43:14.644Z,2026-06-08T16:43:14.644Z
30124,GET - NCC,20062,"NCC is hiring for the GET role through the 2026 campus placement process. This posting is open to Civil Engineering students with minimum CGPA 5.84. Responsibilities and selection expectations are inferred from the company, role and offer data in the placement sheet.",5.84,"{""Engineering Fundamentals"",""Problem Solving"",""Technical Aptitude"",""Communication""}","{""Civil Engineering""}",OPEN,FTE_ONLY,,,500000,2026-06-08T16:43:14.644Z,2026-06-08T16:43:14.644Z
30125,Campus Hire - Nexturn,20063,"Nexturn is hiring for the Campus Hire role through the 2026 campus placement process. This posting is open to Electronics and Communication Engineering students with minimum CGPA 6.72. Responsibilities and selection expectations are inferred from the company, role and offer data in the placement sheet.",6.72,"{""Problem Solving"",""Communication"",""Technical Aptitude""}","{""Electronics and Communication Engineering""}",OPEN,FTE_ONLY,,,,2026-06-08T16:43:14.644Z,2026-06-08T16:43:14.644Z
30126,Campus Hire - Nexturn,20063,"Nexturn is hiring for the Campus Hire role through the 2026 campus placement process. This posting is open to Electronics and Communication Engineering students with minimum CGPA 6.373. Responsibilities and selection expectations are inferred from the company, role and offer data in the placement sheet.",6.373,"{""Problem Solving"",""Communication"",""Technical Aptitude""}","{""Electronics and Communication Engineering""}",OPEN,INTERN_PPO,,,,2026-06-08T16:43:14.644Z,2026-06-08T16:43:14.644Z
30127,Campus Hire - Nexturn,20063,"Nexturn is hiring for the Campus Hire role through the 2026 campus placement process. This posting is open to Information Technology students with minimum CGPA 8.156. Responsibilities and selection expectations are inferred from the company, role and offer data in the placement sheet.",8.156,"{""Problem Solving"",""Communication"",""Technical Aptitude""}","{""Information Technology""}",OPEN,FTE_ONLY,,,700000,2026-06-08T16:43:14.644Z,2026-06-08T16:43:14.644Z
30128,BDA - Nyera's Edutec,20064,"Nyera's Edutec is hiring for the BDA role through the 2026 campus placement process. This posting is open to Electrical Engineering, Metallurgical and Materials Engineering students with minimum CGPA 0. Responsibilities and selection expectations are inferred from the company, role and offer data in the placement sheet.",0,"{""Communication"",""Sales"",""Business Development"",""Presentation""}","{""Electrical Engineering"",""Metallurgical and Materials Engineering""}",OPEN,FTE_ONLY,,,750000,2026-06-08T16:43:14.644Z,2026-06-08T16:43:14.644Z
30129,BDA - Nyera's Edutec,20064,"Nyera's Edutec is hiring for the BDA role through the 2026 campus placement process. This posting is open to Metallurgical and Materials Engineering students with minimum CGPA 0. Responsibilities and selection expectations are inferred from the company, role and offer data in the placement sheet.",0,"{""Communication"",""Sales"",""Business Development"",""Presentation""}","{""Metallurgical and Materials Engineering""}",OPEN,FTE_ONLY,,,750000,2026-06-08T16:43:14.644Z,2026-06-08T16:43:14.644Z
30130,CSS Engineer - Oracle,20066,"Oracle is hiring for the CSS Engineer role through the 2026 campus placement process. This posting is open to Computer Science and Engineering students with minimum CGPA 8.207. Responsibilities and selection expectations are inferred from the company, role and offer data in the placement sheet.",8.207,"{""Programming"",""Data Structures"",""Problem Solving"",""Software Engineering""}","{""Computer Science and Engineering""}",OPEN,FTE_ONLY,,,1284000,2026-06-08T16:43:14.644Z,2026-06-08T16:43:14.644Z
30131,GET - ORC Engineering,20067,"ORC Engineering is hiring for the GET role through the 2026 campus placement process. This posting is open to Mechanical Engineering students with minimum CGPA 7.133. Responsibilities and selection expectations are inferred from the company, role and offer data in the placement sheet.",7.133,"{""Programming"",""Data Structures"",""Problem Solving"",""Software Engineering""}","{""Mechanical Engineering""}",OPEN,FTE_ONLY,,,600000,2026-06-08T16:43:14.644Z,2026-06-08T16:43:14.644Z
30132,Junior Engineer - ORC Engineering,20067,"ORC Engineering is hiring for the Junior Engineer role through the 2026 campus placement process. This posting is open to Civil Engineering students with minimum CGPA 6.367. Responsibilities and selection expectations are inferred from the company, role and offer data in the placement sheet.",6.367,"{""Programming"",""Data Structures"",""Problem Solving"",""Software Engineering""}","{""Civil Engineering""}",OPEN,FTE_ONLY,,,650000,2026-06-08T16:43:14.644Z,2026-06-08T16:43:14.644Z
30133,Campus Hire - P3C Tech,20068,"P3C Tech is hiring for the Campus Hire role through the 2026 campus placement process. This posting is open to Metallurgical and Materials Engineering students with minimum CGPA 7.293. Responsibilities and selection expectations are inferred from the company, role and offer data in the placement sheet.",7.293,"{""Problem Solving"",""Communication"",""Technical Aptitude""}","{""Metallurgical and Materials Engineering""}",OPEN,FTE_ONLY,,,600000,2026-06-08T16:43:14.644Z,2026-06-08T16:43:14.644Z
30134,R&D - P3C Tech,20068,"P3C Tech is hiring for the R&D role through the 2026 campus placement process. This posting is open to Metallurgical and Materials Engineering students with minimum CGPA 6.9. Responsibilities and selection expectations are inferred from the company, role and offer data in the placement sheet.",6.9,"{""Research"",""Technical Documentation"",""Problem Solving"",""Engineering Fundamentals""}","{""Metallurgical and Materials Engineering""}",OPEN,FTE_ONLY,,,600000,2026-06-08T16:43:14.644Z,2026-06-08T16:43:14.644Z
30135,Campus Hire - Physics Wallah,20069,"Physics Wallah is hiring for the Campus Hire role through the 2026 campus placement process. This posting is open to Information Technology students with minimum CGPA 8.156. Responsibilities and selection expectations are inferred from the company, role and offer data in the placement sheet.",8.156,"{""Problem Solving"",""Communication"",""Technical Aptitude""}","{""Information Technology""}",OPEN,FTE_ONLY,,,,2026-06-08T16:43:14.644Z,2026-06-08T16:43:14.644Z
30136,Campus Hire - Physics Wallah,20069,"Physics Wallah is hiring for the Campus Hire role through the 2026 campus placement process. This posting is open to Metallurgical and Materials Engineering students with minimum CGPA 6.833. Responsibilities and selection expectations are inferred from the company, role and offer data in the placement sheet.",6.833,"{""Problem Solving"",""Communication"",""Technical Aptitude""}","{""Metallurgical and Materials Engineering""}",OPEN,FTE_ONLY,,,600000,2026-06-08T16:43:14.644Z,2026-06-08T16:43:14.644Z
30137,FACULTY - Physics Wallah,20069,"Physics Wallah is hiring for the FACULTY role through the 2026 campus placement process. This posting is open to Mechanical Engineering students with minimum CGPA 7.587. Responsibilities and selection expectations are inferred from the company, role and offer data in the placement sheet.",7.587,"{""Subject Knowledge"",""Teaching"",""Communication"",""Mentoring""}","{""Mechanical Engineering""}",OPEN,FTE_ONLY,,,650000,2026-06-08T16:43:14.644Z,2026-06-08T16:43:14.644Z
30138,Graduate Trainee Faculty - Physics Wallah,20069,"Physics Wallah is hiring for the Graduate Trainee Faculty role through the 2026 campus placement process. This posting is open to Civil Engineering students with minimum CGPA 6.987. Responsibilities and selection expectations are inferred from the company, role and offer data in the placement sheet.",6.987,"{""Subject Knowledge"",""Teaching"",""Communication"",""Mentoring""}","{""Civil Engineering""}",OPEN,FTE_ONLY,,,650000,2026-06-08T16:43:14.644Z,2026-06-08T16:43:14.644Z
30139,GTF - Physics Wallah,20069,"Physics Wallah is hiring for the GTF role through the 2026 campus placement process. This posting is open to Computer Science and Engineering students with minimum CGPA 7.7. Responsibilities and selection expectations are inferred from the company, role and offer data in the placement sheet.",7.7,"{""Subject Knowledge"",""Teaching"",""Communication"",""Mentoring""}","{""Computer Science and Engineering""}",OPEN,FTE_ONLY,,,650000,2026-06-08T16:43:14.644Z,2026-06-08T16:43:14.644Z
30140,Teacher - Physics Wallah,20069,"Physics Wallah is hiring for the Teacher role through the 2026 campus placement process. This posting is open to Electrical Engineering students with minimum CGPA 7.153. Responsibilities and selection expectations are inferred from the company, role and offer data in the placement sheet.",7.153,"{""Subject Knowledge"",""Teaching"",""Communication"",""Mentoring""}","{""Electrical Engineering""}",OPEN,FTE_ONLY,,,600000,2026-06-08T16:43:14.644Z,2026-06-08T16:43:14.644Z
30141,Campus Hire - Pinnacle,20070,"Pinnacle is hiring for the Campus Hire role through the 2026 campus placement process. This posting is open to Metallurgical and Materials Engineering students with minimum CGPA 8.087. Responsibilities and selection expectations are inferred from the company, role and offer data in the placement sheet.",8.087,"{""Problem Solving"",""Communication"",""Technical Aptitude""}","{""Metallurgical and Materials Engineering""}",OPEN,FTE_ONLY,,,850000,2026-06-08T16:43:14.644Z,2026-06-08T16:43:14.644Z
30142,Campus Hire - Pinnacle,20070,"Pinnacle is hiring for the Campus Hire role through the 2026 campus placement process. This posting is open to Metallurgical and Materials Engineering students with minimum CGPA 7.653. Responsibilities and selection expectations are inferred from the company, role and offer data in the placement sheet.",7.653,"{""Problem Solving"",""Communication"",""Technical Aptitude""}","{""Metallurgical and Materials Engineering""}",OPEN,FTE_ONLY,,,800000,2026-06-08T16:43:14.644Z,2026-06-08T16:43:14.644Z
30143,GET - Pinnacle,20070,"Pinnacle is hiring for the GET role through the 2026 campus placement process. This posting is open to Mechanical Engineering students with minimum CGPA 7.22. Responsibilities and selection expectations are inferred from the company, role and offer data in the placement sheet.",7.22,"{""Engineering Fundamentals"",""Problem Solving"",""Technical Aptitude"",""Communication""}","{""Mechanical Engineering""}",OPEN,FTE_ONLY,,,800000,2026-06-08T16:43:14.644Z,2026-06-08T16:43:14.644Z
30144,AV Programmer - Power Bridge,20071,"Power Bridge is hiring for the AV Programmer role through the 2026 campus placement process. This posting is open to Electronics and Communication Engineering students with minimum CGPA 7.487. Responsibilities and selection expectations are inferred from the company, role and offer data in the placement sheet.",7.487,"{""Programming"",""Data Structures"",""Problem Solving"",""Software Engineering""}","{""Electronics and Communication Engineering""}",OPEN,FTE_ONLY,,,600000,2026-06-08T16:43:14.644Z,2026-06-08T16:43:14.644Z
30145,SDE - Practo,20072,"Practo is hiring for the SDE role through the 2026 campus placement process. This posting is open to Information Technology students with minimum CGPA 6.599. Responsibilities and selection expectations are inferred from the company, role and offer data in the placement sheet.",6.599,"{""Programming"",""Data Structures"",""Problem Solving"",""Software Engineering""}","{""Information Technology""}",OPEN,FTE_ONLY,,,1200000,2026-06-08T16:43:14.644Z,2026-06-08T16:43:14.644Z
30146,Campus Hire - Publicis Sapient,20073,"Publicis Sapient is hiring for the Campus Hire role through the 2026 campus placement process. This posting is open to Information Technology students with minimum CGPA 8.068. Responsibilities and selection expectations are inferred from the company, role and offer data in the placement sheet.",8.068,"{""Problem Solving"",""Communication"",""Technical Aptitude""}","{""Information Technology""}",OPEN,FTE_ONLY,,,848000,2026-06-08T16:43:14.644Z,2026-06-08T16:43:14.644Z
30147,SDE - Publicis Sapient,20073,"Publicis Sapient is hiring for the SDE role through the 2026 campus placement process. This posting is open to Computer Science and Engineering students with minimum CGPA 8.04. Responsibilities and selection expectations are inferred from the company, role and offer data in the placement sheet.",8.04,"{""Programming"",""Data Structures"",""Problem Solving"",""Software Engineering""}","{""Computer Science and Engineering""}",OPEN,FTE_ONLY,,,850000,2026-06-08T16:43:14.644Z,2026-06-08T16:43:14.644Z
30148,BDA - Pursuit Future Technologies,20074,"Pursuit Future Technologies is hiring for the BDA role through the 2026 campus placement process. This posting is open to Metallurgical and Materials Engineering students with minimum CGPA 0. Responsibilities and selection expectations are inferred from the company, role and offer data in the placement sheet.",0,"{""Communication"",""Sales"",""Business Development"",""Presentation""}","{""Metallurgical and Materials Engineering""}",OPEN,FTE_ONLY,,,600000,2026-06-08T16:43:14.644Z,2026-06-08T16:43:14.644Z
30149,SDE - Quantiphi,20075,"Quantiphi is hiring for the SDE role through the 2026 campus placement process. This posting is open to Electronics and Communication Engineering students with minimum CGPA 7.99. Responsibilities and selection expectations are inferred from the company, role and offer data in the placement sheet.",7.99,"{""Programming"",""Data Structures"",""Problem Solving"",""Software Engineering""}","{""Electronics and Communication Engineering""}",OPEN,INTERN_FTE,,,850000,2026-06-08T16:43:14.644Z,2026-06-08T16:43:14.644Z
30150,Technical Account Manager - Rdash,20076,"Rdash is hiring for the Technical Account Manager role through the 2026 campus placement process. This posting is open to Electronics and Communication Engineering students with minimum CGPA 7. Responsibilities and selection expectations are inferred from the company, role and offer data in the placement sheet.",7,"{""Problem Solving"",""Communication"",""Technical Aptitude""}","{""Electronics and Communication Engineering""}",OPEN,INTERN_PPO,,,650000,2026-06-08T16:43:14.644Z,2026-06-08T16:43:14.644Z
30151,Campus Hire - RIL,20077,"RIL is hiring for the Campus Hire role through the 2026 campus placement process. This posting is open to Civil Engineering students with minimum CGPA 6.493. Responsibilities and selection expectations are inferred from the company, role and offer data in the placement sheet.",6.493,"{""Problem Solving"",""Communication"",""Technical Aptitude""}","{""Civil Engineering""}",OPEN,FTE_ONLY,,,,2026-06-08T16:43:14.644Z,2026-06-08T16:43:14.644Z
30152,Patent Analyst - Sagacious Elevate,20078,"Sagacious Elevate is hiring for the Patent Analyst role through the 2026 campus placement process. This posting is open to Computer Science and Engineering students with minimum CGPA 6.5. Responsibilities and selection expectations are inferred from the company, role and offer data in the placement sheet.",6.5,"{""Data Analysis"",""SQL"",""Problem Solving"",""Excel""}","{""Computer Science and Engineering""}",OPEN,FTE_ONLY,,,550000,2026-06-08T16:43:14.644Z,2026-06-08T16:43:14.644Z
30153,Campus Hire - Samsung R&D,20079,"Samsung R&D is hiring for the Campus Hire role through the 2026 campus placement process. This posting is open to Electronics and Communication Engineering students with minimum CGPA 8.407. Responsibilities and selection expectations are inferred from the company, role and offer data in the placement sheet.",8.407,"{""Research"",""Technical Documentation"",""Problem Solving"",""Engineering Fundamentals""}","{""Electronics and Communication Engineering""}",OPEN,FTE_ONLY,,,,2026-06-08T16:43:14.644Z,2026-06-08T16:43:14.644Z
30154,Campus Hire - Samsung R&D,20079,"Samsung R&D is hiring for the Campus Hire role through the 2026 campus placement process. This posting is open to Information Technology students with minimum CGPA 8.095. Responsibilities and selection expectations are inferred from the company, role and offer data in the placement sheet.",8.095,"{""Research"",""Technical Documentation"",""Problem Solving"",""Engineering Fundamentals""}","{""Information Technology""}",OPEN,INTERN_ONLY,45000,,,2026-06-08T16:43:14.644Z,2026-06-08T16:43:14.644Z
30155,R&D Engineer - Samsung R&D Noida,20080,"Samsung R&D Noida is hiring for the R&D Engineer role through the 2026 campus placement process. This posting is open to Computer Science and Engineering students with minimum CGPA 8.807. Responsibilities and selection expectations are inferred from the company, role and offer data in the placement sheet.",8.807,"{""Programming"",""Data Structures"",""Problem Solving"",""Software Engineering""}","{""Computer Science and Engineering""}",OPEN,FTE_ONLY,,,1500000,2026-06-08T16:43:14.644Z,2026-06-08T16:43:14.644Z
30156,SALES - SD INDUSTRIES,20081,"SD INDUSTRIES is hiring for the SALES role through the 2026 campus placement process. This posting is open to Information Technology students with minimum CGPA 5.823. Responsibilities and selection expectations are inferred from the company, role and offer data in the placement sheet.",5.823,"{""Communication"",""Sales"",""Business Development"",""Presentation""}","{""Information Technology""}",OPEN,FTE_ONLY,,,600000,2026-06-08T16:43:14.644Z,2026-06-08T16:43:14.644Z
30157,GET - Shree Cement,20082,"Shree Cement is hiring for the GET role through the 2026 campus placement process. This posting is open to Mechanical Engineering students with minimum CGPA 7.12. Responsibilities and selection expectations are inferred from the company, role and offer data in the placement sheet.",7.12,"{""Engineering Fundamentals"",""Problem Solving"",""Technical Aptitude"",""Communication""}","{""Mechanical Engineering""}",OPEN,FTE_ONLY,,,500000,2026-06-08T16:43:14.644Z,2026-06-08T16:43:14.644Z
30158,GET - Siemens,20084,"Siemens is hiring for the GET role through the 2026 campus placement process. This posting is open to Electrical Engineering students with minimum CGPA 7.307. Responsibilities and selection expectations are inferred from the company, role and offer data in the placement sheet.",7.307,"{""Engineering Fundamentals"",""Problem Solving"",""Technical Aptitude"",""Communication""}","{""Electrical Engineering""}",OPEN,FTE_ONLY,,,750000,2026-06-08T16:43:14.644Z,2026-06-08T16:43:14.644Z
30159,Campus Hire - Sigmoid,20085,"Sigmoid is hiring for the Campus Hire role through the 2026 campus placement process. This posting is open to Electronics and Communication Engineering students with minimum CGPA 7.267. Responsibilities and selection expectations are inferred from the company, role and offer data in the placement sheet.",7.267,"{""Problem Solving"",""Communication"",""Technical Aptitude""}","{""Electronics and Communication Engineering""}",OPEN,FTE_ONLY,,,,2026-06-08T16:43:14.644Z,2026-06-08T16:43:14.644Z
30160,Data Engineer - Sigmoid,20085,"Sigmoid is hiring for the Data Engineer role through the 2026 campus placement process. This posting is open to Computer Science and Engineering students with minimum CGPA 7.213. Responsibilities and selection expectations are inferred from the company, role and offer data in the placement sheet.",7.213,"{""Programming"",""Data Structures"",""Problem Solving"",""Software Engineering""}","{""Computer Science and Engineering""}",OPEN,FTE_ONLY,,,800000,2026-06-08T16:43:14.644Z,2026-06-08T16:43:14.644Z
30161,DE - Sigmoid,20085,"Sigmoid is hiring for the DE role through the 2026 campus placement process. This posting is open to Information Technology students with minimum CGPA 7.83. Responsibilities and selection expectations are inferred from the company, role and offer data in the placement sheet.",7.83,"{""Problem Solving"",""Communication"",""Technical Aptitude""}","{""Information Technology""}",OPEN,FTE_ONLY,,,800000,2026-06-08T16:43:14.644Z,2026-06-08T16:43:14.644Z
30162,AI/ML Intern - Sima AI,20086,"Sima AI is hiring for the AI/ML Intern role through the 2026 campus placement process. This posting is open to Computer Science and Engineering students with minimum CGPA 7.48. Responsibilities and selection expectations are inferred from the company, role and offer data in the placement sheet.",7.48,"{""Problem Solving"",""Communication"",""Technical Aptitude""}","{""Computer Science and Engineering""}",OPEN,INTERN_ONLY,50000,,,2026-06-08T16:43:14.644Z,2026-06-08T16:43:14.644Z
30163,FACULTY - Sri Chaitanya,20087,"Sri Chaitanya is hiring for the FACULTY role through the 2026 campus placement process. This posting is open to Mechanical Engineering students with minimum CGPA 6.26. Responsibilities and selection expectations are inferred from the company, role and offer data in the placement sheet.",6.26,"{""Subject Knowledge"",""Teaching"",""Communication"",""Mentoring""}","{""Mechanical Engineering""}",OPEN,FTE_ONLY,,,500000,2026-06-08T16:43:14.644Z,2026-06-08T16:43:14.644Z
30164,GET - TATA Power DDL,20088,"TATA Power DDL is hiring for the GET role through the 2026 campus placement process. This posting is open to Electrical Engineering students with minimum CGPA 6.673. Responsibilities and selection expectations are inferred from the company, role and offer data in the placement sheet.",6.673,"{""Engineering Fundamentals"",""Problem Solving"",""Technical Aptitude"",""Communication""}","{""Electrical Engineering""}",OPEN,FTE_ONLY,,,600000,2026-06-08T16:43:14.644Z,2026-06-08T16:43:14.644Z
30165,SDE - Tavant,20089,"Tavant is hiring for the SDE role through the 2026 campus placement process. This posting is open to Computer Science and Engineering, Information Technology students with minimum CGPA 8.193. Responsibilities and selection expectations are inferred from the company, role and offer data in the placement sheet.",8.193,"{""Programming"",""Data Structures"",""Problem Solving"",""Software Engineering""}","{""Computer Science and Engineering"",""Information Technology""}",OPEN,FTE_ONLY,,,1000000,2026-06-08T16:43:14.644Z,2026-06-08T16:43:14.644Z
30166,Full Stack Developer - TMRW,20090,"TMRW is hiring for the Full Stack Developer role through the 2026 campus placement process. This posting is open to Computer Science and Engineering students with minimum CGPA 8.973. Responsibilities and selection expectations are inferred from the company, role and offer data in the placement sheet.",8.973,"{""Programming"",""Data Structures"",""Problem Solving"",""Software Engineering""}","{""Computer Science and Engineering""}",OPEN,FTE_ONLY,,,1300000,2026-06-08T16:43:14.644Z,2026-06-08T16:43:14.644Z
30167,Operations intern - TRAV CLAN,20091,"TRAV CLAN is hiring for the Operations intern role through the 2026 campus placement process. This posting is open to Metallurgical and Materials Engineering students with minimum CGPA 6.427. Responsibilities and selection expectations are inferred from the company, role and offer data in the placement sheet.",6.427,"{""Problem Solving"",""Communication"",""Technical Aptitude""}","{""Metallurgical and Materials Engineering""}",OPEN,FTE_ONLY,,,540000,2026-06-08T16:43:14.644Z,2026-06-08T16:43:14.644Z
30168,Campus Hire - UKG,20092,"UKG is hiring for the Campus Hire role through the 2026 campus placement process. This posting is open to Information Technology students with minimum CGPA 7.823. Responsibilities and selection expectations are inferred from the company, role and offer data in the placement sheet.",7.823,"{""Problem Solving"",""Communication"",""Technical Aptitude""}","{""Information Technology""}",OPEN,FTE_ONLY,,,1590000,2026-06-08T16:43:14.644Z,2026-06-08T16:43:14.644Z
30169,Campus Hire - UKG,20092,"UKG is hiring for the Campus Hire role through the 2026 campus placement process. This posting is open to Information Technology students with minimum CGPA 7.313. Responsibilities and selection expectations are inferred from the company, role and offer data in the placement sheet.",7.313,"{""Problem Solving"",""Communication"",""Technical Aptitude""}","{""Information Technology""}",OPEN,FTE_ONLY,,,1590000,2026-06-08T16:43:14.644Z,2026-06-08T16:43:14.644Z
30170,Technical Consultant - UKG,20092,"UKG is hiring for the Technical Consultant role through the 2026 campus placement process. This posting is open to Electronics and Communication Engineering students with minimum CGPA 9.24. Responsibilities and selection expectations are inferred from the company, role and offer data in the placement sheet.",9.24,"{""Problem Solving"",""Communication"",""Technical Aptitude""}","{""Electronics and Communication Engineering""}",OPEN,INTERN_FTE,,,1590000,2026-06-08T16:43:14.644Z,2026-06-08T16:43:14.644Z
30171,FACULTY - Unacademy,20093,"Unacademy is hiring for the FACULTY role through the 2026 campus placement process. This posting is open to Mechanical Engineering students with minimum CGPA 8.467. Responsibilities and selection expectations are inferred from the company, role and offer data in the placement sheet.",8.467,"{""Subject Knowledge"",""Teaching"",""Communication"",""Mentoring""}","{""Mechanical Engineering""}",OPEN,FTE_ONLY,,,600000,2026-06-08T16:43:14.644Z,2026-06-08T16:43:14.644Z
30172,Campus Hire - Vedanta Limited,20094,"Vedanta Limited is hiring for the Campus Hire role through the 2026 campus placement process. This posting is open to Electrical Engineering students with minimum CGPA 7.073. Responsibilities and selection expectations are inferred from the company, role and offer data in the placement sheet.",7.073,"{""Problem Solving"",""Communication"",""Technical Aptitude""}","{""Electrical Engineering""}",OPEN,FTE_ONLY,,,1145000,2026-06-08T16:43:14.644Z,2026-06-08T16:43:14.644Z
30173,GeT - Vedanta Limited,20094,"Vedanta Limited is hiring for the GeT role through the 2026 campus placement process. This posting is open to Metallurgical and Materials Engineering students with minimum CGPA 6.493. Responsibilities and selection expectations are inferred from the company, role and offer data in the placement sheet.",6.493,"{""Engineering Fundamentals"",""Problem Solving"",""Technical Aptitude"",""Communication""}","{""Metallurgical and Materials Engineering""}",OPEN,FTE_ONLY,,,1100000,2026-06-08T16:43:14.644Z,2026-06-08T16:43:14.644Z
30174,GET - Vedanta Limited,20094,"Vedanta Limited is hiring for the GET role through the 2026 campus placement process. This posting is open to Mechanical Engineering students with minimum CGPA 6.313. Responsibilities and selection expectations are inferred from the company, role and offer data in the placement sheet.",6.313,"{""Engineering Fundamentals"",""Problem Solving"",""Technical Aptitude"",""Communication""}","{""Mechanical Engineering""}",OPEN,FTE_ONLY,,,1350000,2026-06-08T16:43:14.644Z,2026-06-08T16:43:14.644Z
30175,GET - Voltas,20095,"Voltas is hiring for the GET role through the 2026 campus placement process. This posting is open to Electrical Engineering, Mechanical Engineering students with minimum CGPA 7.473. Responsibilities and selection expectations are inferred from the company, role and offer data in the placement sheet.",7.473,"{""Engineering Fundamentals"",""Problem Solving"",""Technical Aptitude"",""Communication""}","{""Electrical Engineering"",""Mechanical Engineering""}",OPEN,FTE_ONLY,,,500000,2026-06-08T16:43:14.644Z,2026-06-08T16:43:14.644Z
